#
# There is insufficient memory for the Java Runtime Environment to continue.
# Native memory allocation (malloc) failed to allocate 1441856 bytes. Error detail: Chunk::new
# Possible reasons:
#   The system is out of physical RAM or swap space
#   This process is running with CompressedOops enabled, and the Java Heap may be blocking the growth of the native heap
# Possible solutions:
#   Reduce memory load on the system
#   Increase physical memory or swap space
#   Check if swap backing store is full
#   Decrease Java heap size (-Xmx/-Xms)
#   Decrease number of Java threads
#   Decrease Java thread stack sizes (-Xss)
#   Set larger code cache with -XX:ReservedCodeCacheSize=
#   JVM is running with Unscaled Compressed Oops mode in which the Java heap is
#     placed in the first 4GB address space. The Java Heap base address is the
#     maximum limit for the native heap growth. Please use -XX:HeapBaseMinAddress
#     to set the Java Heap base and to place the Java Heap above 4GB virtual address.
# This output file may be truncated or incomplete.
#
#  Out of Memory Error (arena.cpp:191), pid=55504, tid=6620
#
# JRE version: OpenJDK Runtime Environment Temurin-17.0.17+10 (17.0.17+10) (build 17.0.17+10)
# Java VM: OpenJDK 64-Bit Server VM Temurin-17.0.17+10 (17.0.17+10, mixed mode, sharing, tiered, compressed oops, compressed class ptrs, g1 gc, windows-amd64)
# No core dump will be written. Minidumps are not enabled by default on client versions of Windows
#

---------------  S U M M A R Y ------------

Command Line: --add-opens=java.base/java.lang=ALL-UNNAMED --add-opens=java.base/java.lang.invoke=ALL-UNNAMED --add-opens=java.base/java.util=ALL-UNNAMED --add-opens=java.prefs/java.util.prefs=ALL-UNNAMED --add-exports=jdk.compiler/com.sun.tools.javac.api=ALL-UNNAMED --add-exports=jdk.compiler/com.sun.tools.javac.util=ALL-UNNAMED --add-opens=java.base/java.util=ALL-UNNAMED --add-opens=java.prefs/java.util.prefs=ALL-UNNAMED --add-opens=java.base/java.nio.charset=ALL-UNNAMED --add-opens=java.base/java.net=ALL-UNNAMED --add-opens=java.base/java.util.concurrent.atomic=ALL-UNNAMED --add-opens=java.xml/javax.xml.namespace=ALL-UNNAMED -Xmx512m -Dfile.encoding=UTF-8 -Duser.country=IN -Duser.language=en -Duser.variant -javaagent:C:\Users\psgh\.gradle\wrapper\dists\gradle-8.11.1-all\2qik7nd48slq1ooc2496ixf4i\gradle-8.11.1\lib\agents\gradle-instrumentation-agent-8.11.1.jar org.gradle.launcher.daemon.bootstrap.GradleDaemon 8.11.1

Host: Intel(R) Core(TM) i5-10500 CPU @ 3.10GHz, 12 cores, 15G,  Windows 11 , 64 bit Build 26100 (10.0.26100.8521)
Time: Tue Aug 25 13:25:27 2026 India Standard Time elapsed time: 17.610516 seconds (0d 0h 0m 17s)

---------------  T H R E A D  ---------------

Current thread (0x00000216f7911300):  JavaThread "C2 CompilerThread0" daemon [_thread_in_native, id=6620, stack(0x000000d596600000,0x000000d596700000)]


Current CompileTask:
C2:17610 17029       4       org.jetbrains.kotlin.com.intellij.lang.impl.PsiBuilderImpl::insertLeaves (88 bytes)

Stack: [0x000000d596600000,0x000000d596700000]
Native frames: (J=compiled Java code, j=interpreted, Vv=VM code, C=native code)
V  [jvm.dll+0x683fb9]
V  [jvm.dll+0x83a1b5]
V  [jvm.dll+0x83bc2e]
V  [jvm.dll+0x83c2b3]
V  [jvm.dll+0x248eff]
V  [jvm.dll+0xad496]
V  [jvm.dll+0xadb3c]
V  [jvm.dll+0x2b05df]
V  [jvm.dll+0x58a5b5]
V  [jvm.dll+0x222e84]
V  [jvm.dll+0x22327d]
V  [jvm.dll+0x21bfdb]
V  [jvm.dll+0x2190fe]
V  [jvm.dll+0x1a4920]
V  [jvm.dll+0x22989a]
V  [jvm.dll+0x227a4b]
V  [jvm.dll+0x7effb8]
V  [jvm.dll+0x7ea44c]
V  [jvm.dll+0x682e87]
C  [ucrtbase.dll+0x2cd30]
C  [KERNEL32.DLL+0x2e957]
C  [ntdll.dll+0x87c1c]


---------------  P R O C E S S  ---------------

Threads class SMR info:
_java_thread_list=0x00000216c8ca2160, length=175, elements={
0x00000216daaa03e0, 0x00000216f77e8b30, 0x00000216f77ea170, 0x00000216f790aa30,
0x00000216f790d310, 0x00000216f790e750, 0x00000216f790fb90, 0x00000216f7911300,
0x00000216f791dc90, 0x00000216f7922d40, 0x00000216f77c9d40, 0x00000216f7ae24a0,
0x00000216fdc26ea0, 0x00000216fdca1030, 0x00000216fdb74460, 0x00000216fdda2220,
0x00000216fdd9fbb0, 0x00000216fdda1500, 0x00000216fdda0ff0, 0x00000216fdda1a10,
0x00000216fdd9e260, 0x00000216fdd9e770, 0x00000216fdd9ec80, 0x00000216fdd9f190,
0x00000216fdd9f6a0, 0x00000216fdda00c0, 0x00000216fdda05d0, 0x00000216fdda0ae0,
0x00000216fe753480, 0x00000216fe752040, 0x00000216fe751110, 0x00000216fe753990,
0x00000216fe750c00, 0x00000216fe7501e0, 0x00000216fe7543b0, 0x00000216fe752f70,
0x00000216fe752550, 0x00000216fe752a60, 0x00000216fe753ea0, 0x00000216fe7548c0,
0x00000216fe754dd0, 0x00000216fe751620, 0x00000216fe7552e0, 0x00000216fe756c30,
0x00000216fe757140, 0x00000216fe757650, 0x00000216fe757b60, 0x00000216fe7557f0,
0x00000216fe756210, 0x00000216fe755d00, 0x00000216fe756720, 0x00000216c1db1140,
0x00000216c1db39c0, 0x00000216c1db2580, 0x00000216c1db0720, 0x00000216c1db2070,
0x00000216c1db0210, 0x00000216c1db3ed0, 0x00000216c1db2a90, 0x00000216c1db2fa0,
0x00000216c1db43e0, 0x00000216c1db34b0, 0x00000216c1db1b60, 0x00000216c1db1650,
0x00000216c1db0c30, 0x00000216c1db48f0, 0x00000216c1db6240, 0x00000216c1db6c60,
0x00000216c1db5310, 0x00000216c1db5820, 0x00000216c272f180, 0x00000216c272dd40,
0x00000216c272e250, 0x00000216c272e760, 0x00000216c272d320, 0x00000216c272ec70,
0x00000216c272c3f0, 0x00000216c272f690, 0x00000216c272d830, 0x00000216c272bee0,
0x00000216c3b944f0, 0x00000216c3b94a00, 0x00000216c3b96860, 0x00000216c3b97280,
0x00000216c3b93ad0, 0x00000216c3b93fe0, 0x00000216c3b97ca0, 0x00000216c3b95930,
0x00000216c3b94f10, 0x00000216c3b95e40, 0x00000216c3b97790, 0x00000216c3b95420,
0x00000216c3b981b0, 0x00000216c3b986c0, 0x00000216c3b990e0, 0x00000216c3b995f0,
0x00000216c3b98bd0, 0x00000216c3b99b00, 0x00000216c3b9a010, 0x00000216c3b9a520,
0x00000216c3b9aa30, 0x00000216c3b9af40, 0x00000216c10628f0, 0x00000216c1060a90,
0x00000216c1062e00, 0x00000216c1063310, 0x00000216c1060070, 0x00000216c1060580,
0x00000216c1060fa0, 0x00000216c10614b0, 0x00000216c1063820, 0x00000216c10623e0,
0x00000216c1064c60, 0x00000216c1065170, 0x00000216c10619c0, 0x00000216c1061ed0,
0x00000216c10674e0, 0x00000216c1064750, 0x00000216c10660a0, 0x00000216c1065b90,
0x00000216c1065680, 0x00000216c10665b0, 0x00000216c1066ac0, 0x00000216c1066fd0,
0x00000216c1063d30, 0x00000216c10679f0, 0x00000216c1064240, 0x00000216ca040ee0,
0x00000216ca041e10, 0x00000216ca0404c0, 0x00000216ca0409d0, 0x00000216ca0413f0,
0x00000216ca041900, 0x00000216ca042320, 0x00000216ca042830, 0x00000216ca03f080,
0x00000216ca042d40, 0x00000216ca03ffb0, 0x00000216ca03f590, 0x00000216ca043250,
0x00000216ca03faa0, 0x00000216ca044ba0, 0x00000216ca045ad0, 0x00000216ca0455c0,
0x00000216ca0450b0, 0x00000216ca043c70, 0x00000216ca044690, 0x00000216ca045fe0,
0x00000216ca0464f0, 0x00000216ca046a00, 0x00000216ca043760, 0x00000216c9de1ce0,
0x00000216c9ddef50, 0x00000216c9de0390, 0x00000216c9de08a0, 0x00000216c9de0db0,
0x00000216c9ddf460, 0x00000216c9de21f0, 0x00000216c9de3120, 0x00000216c9de12c0,
0x00000216c9ddea40, 0x00000216c9ddfe80, 0x00000216c9de17d0, 0x00000216c9de2700,
0x00000216c9ddf970, 0x00000216c9de4050, 0x00000216c9de5eb0, 0x00000216c9de4560,
0x00000216c9de2c10, 0x00000216c9de63c0, 0x00000216c9de3630, 0x00000216c9de4f80,
0x00000216c9de4a70, 0x00000216c2b01510, 0x00000216c2b02fa0
}

Java Threads: ( => current thread )
  0x00000216daaa03e0 JavaThread "main" [_thread_blocked, id=23900, stack(0x000000d595900000,0x000000d595a00000)]
  0x00000216f77e8b30 JavaThread "Reference Handler" daemon [_thread_blocked, id=55980, stack(0x000000d596000000,0x000000d596100000)]
  0x00000216f77ea170 JavaThread "Finalizer" daemon [_thread_blocked, id=88356, stack(0x000000d596100000,0x000000d596200000)]
  0x00000216f790aa30 JavaThread "Signal Dispatcher" daemon [_thread_blocked, id=32240, stack(0x000000d596200000,0x000000d596300000)]
  0x00000216f790d310 JavaThread "Attach Listener" daemon [_thread_blocked, id=71724, stack(0x000000d596300000,0x000000d596400000)]
  0x00000216f790e750 JavaThread "Service Thread" daemon [_thread_blocked, id=88696, stack(0x000000d596400000,0x000000d596500000)]
  0x00000216f790fb90 JavaThread "Monitor Deflation Thread" daemon [_thread_blocked, id=49980, stack(0x000000d596500000,0x000000d596600000)]
=>0x00000216f7911300 JavaThread "C2 CompilerThread0" daemon [_thread_in_native, id=6620, stack(0x000000d596600000,0x000000d596700000)]
  0x00000216f791dc90 JavaThread "C1 CompilerThread0" daemon [_thread_blocked, id=70356, stack(0x000000d596700000,0x000000d596800000)]
  0x00000216f7922d40 JavaThread "Sweeper thread" daemon [_thread_blocked, id=93068, stack(0x000000d596800000,0x000000d596900000)]
  0x00000216f77c9d40 JavaThread "Common-Cleaner" daemon [_thread_blocked, id=96072, stack(0x000000d596900000,0x000000d596a00000)]
  0x00000216f7ae24a0 JavaThread "Notification Thread" daemon [_thread_blocked, id=93436, stack(0x000000d596a00000,0x000000d596b00000)]
  0x00000216fdc26ea0 JavaThread "Daemon health stats" [_thread_blocked, id=27380, stack(0x000000d597300000,0x000000d597400000)]
  0x00000216fdca1030 JavaThread "Incoming local TCP Connector on port 53752" [_thread_in_native, id=33128, stack(0x000000d597400000,0x000000d597500000)]
  0x00000216fdb74460 JavaThread "Daemon periodic checks" [_thread_blocked, id=72440, stack(0x000000d597500000,0x000000d597600000)]
  0x00000216fdda2220 JavaThread "Daemon" [_thread_blocked, id=82440, stack(0x000000d597600000,0x000000d597700000)]
  0x00000216fdd9fbb0 JavaThread "Handler for socket connection from /127.0.0.1:53752 to /127.0.0.1:53753" [_thread_in_native, id=61544, stack(0x000000d597700000,0x000000d597800000)]
  0x00000216fdda1500 JavaThread "Cancel handler" [_thread_blocked, id=55572, stack(0x000000d597800000,0x000000d597900000)]
  0x00000216fdda0ff0 JavaThread "Daemon worker" [_thread_blocked, id=46868, stack(0x000000d597900000,0x000000d597a00000)]
  0x00000216fdda1a10 JavaThread "Asynchronous log dispatcher for DefaultDaemonConnection: socket connection from /127.0.0.1:53752 to /127.0.0.1:53753" [_thread_blocked, id=98696, stack(0x000000d597a00000,0x000000d597b00000)]
  0x00000216fdd9e260 JavaThread "Stdin handler" [_thread_blocked, id=59212, stack(0x000000d597b00000,0x000000d597c00000)]
  0x00000216fdd9e770 JavaThread "Daemon client event forwarder" [_thread_blocked, id=77796, stack(0x000000d597c00000,0x000000d597d00000)]
  0x00000216fdd9ec80 JavaThread "Cache worker for journal cache (C:\Users\psgh\.gradle\caches\journal-1)" [_thread_blocked, id=10192, stack(0x000000d597d00000,0x000000d597e00000)]
  0x00000216fdd9f190 JavaThread "File lock request listener" [_thread_in_native, id=35268, stack(0x000000d597e00000,0x000000d597f00000)]
  0x00000216fdd9f6a0 JavaThread "Cache worker for file hash cache (C:\Users\psgh\.gradle\caches\8.11.1\fileHashes)" [_thread_blocked, id=57656, stack(0x000000d597f00000,0x000000d598000000)]
  0x00000216fdda00c0 JavaThread "Cache worker for file content cache (C:\Users\psgh\.gradle\caches\8.11.1\fileContent)" [_thread_blocked, id=10824, stack(0x000000d598000000,0x000000d598100000)]
  0x00000216fdda05d0 JavaThread "Cache worker for file hash cache (E:\CODETHRIVE\codethrive projects\FLEET-MANGEMENT-main\.gradle\8.11.1\fileHashes)" [_thread_blocked, id=88948, stack(0x000000d598100000,0x000000d598200000)]
  0x00000216fdda0ae0 JavaThread "Cache worker for Build Output Cleanup Cache (E:\CODETHRIVE\codethrive projects\FLEET-MANGEMENT-main\.gradle\buildOutputCleanup)" [_thread_blocked, id=49776, stack(0x000000d598200000,0x000000d598300000)]
  0x00000216fe753480 JavaThread "File watcher server" daemon [_thread_in_native, id=33440, stack(0x000000d598900000,0x000000d598a00000)]
  0x00000216fe752040 JavaThread "File watcher consumer" daemon [_thread_blocked, id=30448, stack(0x000000d598a00000,0x000000d598b00000)]
  0x00000216fe751110 JavaThread "Cache worker for checksums cache (E:\CODETHRIVE\codethrive projects\FLEET-MANGEMENT-main\.gradle\8.11.1\checksums)" [_thread_blocked, id=19140, stack(0x000000d598b00000,0x000000d598c00000)]
  0x00000216fe753990 JavaThread "Cache worker for cache directory md-rule (C:\Users\psgh\.gradle\caches\8.11.1\md-rule)" [_thread_blocked, id=93204, stack(0x000000d598c00000,0x000000d598d00000)]
  0x00000216fe750c00 JavaThread "Cache worker for cache directory md-supplier (C:\Users\psgh\.gradle\caches\8.11.1\md-supplier)" [_thread_blocked, id=63452, stack(0x000000d598d00000,0x000000d598e00000)]
  0x00000216fe7501e0 JavaThread "Unconstrained build operations" [_thread_blocked, id=40712, stack(0x000000d598e00000,0x000000d598f00000)]
  0x00000216fe7543b0 JavaThread "Unconstrained build operations Thread 2" [_thread_blocked, id=25180, stack(0x000000d598f00000,0x000000d599000000)]
  0x00000216fe752f70 JavaThread "Unconstrained build operations Thread 3" [_thread_blocked, id=93648, stack(0x000000d599000000,0x000000d599100000)]
  0x00000216fe752550 JavaThread "Unconstrained build operations Thread 4" [_thread_blocked, id=100184, stack(0x000000d599100000,0x000000d599200000)]
  0x00000216fe752a60 JavaThread "Unconstrained build operations Thread 5" [_thread_blocked, id=94864, stack(0x000000d599200000,0x000000d599300000)]
  0x00000216fe753ea0 JavaThread "Unconstrained build operations Thread 6" [_thread_blocked, id=90904, stack(0x000000d599300000,0x000000d599400000)]
  0x00000216fe7548c0 JavaThread "Unconstrained build operations Thread 7" [_thread_blocked, id=58684, stack(0x000000d599400000,0x000000d599500000)]
  0x00000216fe754dd0 JavaThread "Unconstrained build operations Thread 8" [_thread_blocked, id=10548, stack(0x000000d599500000,0x000000d599600000)]
  0x00000216fe751620 JavaThread "Unconstrained build operations Thread 9" [_thread_blocked, id=24884, stack(0x000000d599600000,0x000000d599700000)]
  0x00000216fe7552e0 JavaThread "Unconstrained build operations Thread 10" [_thread_blocked, id=10736, stack(0x000000d599700000,0x000000d599800000)]
  0x00000216fe756c30 JavaThread "Unconstrained build operations Thread 11" [_thread_blocked, id=46212, stack(0x000000d599800000,0x000000d599900000)]
  0x00000216fe757140 JavaThread "Unconstrained build operations Thread 12" [_thread_blocked, id=436, stack(0x000000d599900000,0x000000d599a00000)]
  0x00000216fe757650 JavaThread "Unconstrained build operations Thread 13" [_thread_blocked, id=53008, stack(0x000000d599a00000,0x000000d599b00000)]
  0x00000216fe757b60 JavaThread "Unconstrained build operations Thread 14" [_thread_blocked, id=24908, stack(0x000000d599b00000,0x000000d599c00000)]
  0x00000216fe7557f0 JavaThread "Unconstrained build operations Thread 15" [_thread_blocked, id=37964, stack(0x000000d599c00000,0x000000d599d00000)]
  0x00000216fe756210 JavaThread "Unconstrained build operations Thread 16" [_thread_blocked, id=82616, stack(0x000000d599d00000,0x000000d599e00000)]
  0x00000216fe755d00 JavaThread "Unconstrained build operations Thread 17" [_thread_blocked, id=79396, stack(0x000000d599e00000,0x000000d599f00000)]
  0x00000216fe756720 JavaThread "Unconstrained build operations Thread 18" [_thread_blocked, id=38408, stack(0x000000d599f00000,0x000000d59a000000)]
  0x00000216c1db1140 JavaThread "Unconstrained build operations Thread 19" [_thread_blocked, id=59820, stack(0x000000d59a000000,0x000000d59a100000)]
  0x00000216c1db39c0 JavaThread "Unconstrained build operations Thread 20" [_thread_blocked, id=100488, stack(0x000000d59a100000,0x000000d59a200000)]
  0x00000216c1db2580 JavaThread "Unconstrained build operations Thread 21" [_thread_blocked, id=31384, stack(0x000000d59a200000,0x000000d59a300000)]
  0x00000216c1db0720 JavaThread "Unconstrained build operations Thread 22" [_thread_blocked, id=18488, stack(0x000000d59a300000,0x000000d59a400000)]
  0x00000216c1db2070 JavaThread "Unconstrained build operations Thread 23" [_thread_blocked, id=93536, stack(0x000000d59a500000,0x000000d59a600000)]
  0x00000216c1db0210 JavaThread "Unconstrained build operations Thread 24" [_thread_blocked, id=80024, stack(0x000000d59a600000,0x000000d59a700000)]
  0x00000216c1db3ed0 JavaThread "Unconstrained build operations Thread 25" [_thread_blocked, id=57696, stack(0x000000d59a700000,0x000000d59a800000)]
  0x00000216c1db2a90 JavaThread "Unconstrained build operations Thread 26" [_thread_blocked, id=67520, stack(0x000000d59a800000,0x000000d59a900000)]
  0x00000216c1db2fa0 JavaThread "Unconstrained build operations Thread 27" [_thread_blocked, id=46468, stack(0x000000d59a900000,0x000000d59aa00000)]
  0x00000216c1db43e0 JavaThread "Unconstrained build operations Thread 28" [_thread_blocked, id=57636, stack(0x000000d59aa00000,0x000000d59ab00000)]
  0x00000216c1db34b0 JavaThread "Unconstrained build operations Thread 29" [_thread_blocked, id=77716, stack(0x000000d59ab00000,0x000000d59ac00000)]
  0x00000216c1db1b60 JavaThread "Unconstrained build operations Thread 30" [_thread_blocked, id=30844, stack(0x000000d59ac00000,0x000000d59ad00000)]
  0x00000216c1db1650 JavaThread "Unconstrained build operations Thread 31" [_thread_blocked, id=8780, stack(0x000000d59ad00000,0x000000d59ae00000)]
  0x00000216c1db0c30 JavaThread "Unconstrained build operations Thread 32" [_thread_blocked, id=78160, stack(0x000000d59ae00000,0x000000d59af00000)]
  0x00000216c1db48f0 JavaThread "Unconstrained build operations Thread 33" [_thread_blocked, id=10172, stack(0x000000d59af00000,0x000000d59b000000)]
  0x00000216c1db6240 JavaThread "Memory manager" [_thread_blocked, id=93756, stack(0x000000d59b000000,0x000000d59b100000)]
  0x00000216c1db6c60 JavaThread "build event listener" [_thread_blocked, id=21756, stack(0x000000d59b100000,0x000000d59b200000)]
  0x00000216c1db5310 JavaThread "Unconstrained build operations Thread 34" [_thread_blocked, id=87964, stack(0x000000d59b200000,0x000000d59b300000)]
  0x00000216c1db5820 JavaThread "Unconstrained build operations Thread 35" [_thread_blocked, id=29148, stack(0x000000d59b300000,0x000000d59b400000)]
  0x00000216c272f180 JavaThread "Unconstrained build operations Thread 36" [_thread_blocked, id=48132, stack(0x000000d59b400000,0x000000d59b500000)]
  0x00000216c272dd40 JavaThread "Unconstrained build operations Thread 37" [_thread_blocked, id=42768, stack(0x000000d59b500000,0x000000d59b600000)]
  0x00000216c272e250 JavaThread "Unconstrained build operations Thread 38" [_thread_blocked, id=77416, stack(0x000000d59b600000,0x000000d59b700000)]
  0x00000216c272e760 JavaThread "Unconstrained build operations Thread 39" [_thread_blocked, id=47016, stack(0x000000d59b700000,0x000000d59b800000)]
  0x00000216c272d320 JavaThread "Unconstrained build operations Thread 40" [_thread_blocked, id=56620, stack(0x000000d59b800000,0x000000d59b900000)]
  0x00000216c272ec70 JavaThread "Unconstrained build operations Thread 41" [_thread_blocked, id=37168, stack(0x000000d59b900000,0x000000d59ba00000)]
  0x00000216c272c3f0 JavaThread "Unconstrained build operations Thread 42" [_thread_blocked, id=73676, stack(0x000000d59ba00000,0x000000d59bb00000)]
  0x00000216c272f690 JavaThread "Unconstrained build operations Thread 43" [_thread_blocked, id=60036, stack(0x000000d59bb00000,0x000000d59bc00000)]
  0x00000216c272d830 JavaThread "Unconstrained build operations Thread 44" [_thread_blocked, id=54032, stack(0x000000d59bc00000,0x000000d59bd00000)]
  0x00000216c272bee0 JavaThread "Unconstrained build operations Thread 45" [_thread_blocked, id=38024, stack(0x000000d59bd00000,0x000000d59be00000)]
  0x00000216c3b944f0 JavaThread "Problems report writer" [_thread_blocked, id=75920, stack(0x000000d59be00000,0x000000d59bf00000)]
  0x00000216c3b94a00 JavaThread "pool-3-thread-1" [_thread_blocked, id=57132, stack(0x000000d59bf00000,0x000000d59c000000)]
  0x00000216c3b96860 JavaThread "build event listener" [_thread_blocked, id=76468, stack(0x000000d59c000000,0x000000d59c100000)]
  0x00000216c3b97280 JavaThread "included builds" [_thread_blocked, id=79368, stack(0x000000d59c100000,0x000000d59c200000)]
  0x00000216c3b93ad0 JavaThread "Execution worker" [_thread_blocked, id=80472, stack(0x000000d59c200000,0x000000d59c300000)]
  0x00000216c3b93fe0 JavaThread "Execution worker Thread 2" [_thread_blocked, id=11536, stack(0x000000d59c300000,0x000000d59c400000)]
  0x00000216c3b97ca0 JavaThread "Execution worker Thread 3" [_thread_blocked, id=6548, stack(0x000000d59c400000,0x000000d59c500000)]
  0x00000216c3b95930 JavaThread "Execution worker Thread 4" [_thread_blocked, id=12836, stack(0x000000d59c500000,0x000000d59c600000)]
  0x00000216c3b94f10 JavaThread "Execution worker Thread 5" [_thread_blocked, id=59324, stack(0x000000d59c600000,0x000000d59c700000)]
  0x00000216c3b95e40 JavaThread "Execution worker Thread 6" [_thread_blocked, id=72504, stack(0x000000d59c700000,0x000000d59c800000)]
  0x00000216c3b97790 JavaThread "Execution worker Thread 7" [_thread_blocked, id=41636, stack(0x000000d59c800000,0x000000d59c900000)]
  0x00000216c3b95420 JavaThread "Execution worker Thread 8" [_thread_blocked, id=17324, stack(0x000000d59c900000,0x000000d59ca00000)]
  0x00000216c3b981b0 JavaThread "Execution worker Thread 9" [_thread_blocked, id=42108, stack(0x000000d59ca00000,0x000000d59cb00000)]
  0x00000216c3b986c0 JavaThread "Execution worker Thread 10" [_thread_blocked, id=63024, stack(0x000000d59cb00000,0x000000d59cc00000)]
  0x00000216c3b990e0 JavaThread "Execution worker Thread 11" [_thread_blocked, id=20056, stack(0x000000d59cc00000,0x000000d59cd00000)]
  0x00000216c3b995f0 JavaThread "Cache worker for execution history cache (E:\CODETHRIVE\codethrive projects\FLEET-MANGEMENT-main\.gradle\8.11.1\executionHistory)" [_thread_blocked, id=20044, stack(0x000000d59cd00000,0x000000d59ce00000)]
  0x00000216c3b98bd0 JavaThread "Unconstrained build operations Thread 46" [_thread_blocked, id=93572, stack(0x000000d59ce00000,0x000000d59cf00000)]
  0x00000216c3b99b00 JavaThread "Unconstrained build operations Thread 47" [_thread_blocked, id=4644, stack(0x000000d59cf00000,0x000000d59d000000)]
  0x00000216c3b9a010 JavaThread "Unconstrained build operations Thread 48" [_thread_blocked, id=66912, stack(0x000000d59d000000,0x000000d59d100000)]
  0x00000216c3b9a520 JavaThread "Unconstrained build operations Thread 49" [_thread_blocked, id=71044, stack(0x000000d59d100000,0x000000d59d200000)]
  0x00000216c3b9aa30 JavaThread "Unconstrained build operations Thread 50" [_thread_blocked, id=98372, stack(0x000000d59d200000,0x000000d59d300000)]
  0x00000216c3b9af40 JavaThread "Unconstrained build operations Thread 51" [_thread_blocked, id=30208, stack(0x000000d59d300000,0x000000d59d400000)]
  0x00000216c10628f0 JavaThread "Unconstrained build operations Thread 52" [_thread_blocked, id=3932, stack(0x000000d59d400000,0x000000d59d500000)]
  0x00000216c1060a90 JavaThread "Unconstrained build operations Thread 53" [_thread_blocked, id=94352, stack(0x000000d59d500000,0x000000d59d600000)]
  0x00000216c1062e00 JavaThread "Unconstrained build operations Thread 54" [_thread_blocked, id=5872, stack(0x000000d59d600000,0x000000d59d700000)]
  0x00000216c1063310 JavaThread "Unconstrained build operations Thread 55" [_thread_blocked, id=3452, stack(0x000000d59d700000,0x000000d59d800000)]
  0x00000216c1060070 JavaThread "Unconstrained build operations Thread 56" [_thread_blocked, id=45348, stack(0x000000d59d800000,0x000000d59d900000)]
  0x00000216c1060580 JavaThread "Unconstrained build operations Thread 57" [_thread_blocked, id=82068, stack(0x000000d59d900000,0x000000d59da00000)]
  0x00000216c1060fa0 JavaThread "Unconstrained build operations Thread 58" [_thread_blocked, id=16204, stack(0x000000d59da00000,0x000000d59db00000)]
  0x00000216c10614b0 JavaThread "Unconstrained build operations Thread 59" [_thread_blocked, id=98344, stack(0x000000d59db00000,0x000000d59dc00000)]
  0x00000216c1063820 JavaThread "Unconstrained build operations Thread 60" [_thread_blocked, id=45416, stack(0x000000d59dc00000,0x000000d59dd00000)]
  0x00000216c10623e0 JavaThread "Unconstrained build operations Thread 61" [_thread_blocked, id=31780, stack(0x000000d59dd00000,0x000000d59de00000)]
  0x00000216c1064c60 JavaThread "Unconstrained build operations Thread 62" [_thread_blocked, id=88248, stack(0x000000d59de00000,0x000000d59df00000)]
  0x00000216c1065170 JavaThread "Unconstrained build operations Thread 63" [_thread_blocked, id=81084, stack(0x000000d59df00000,0x000000d59e000000)]
  0x00000216c10619c0 JavaThread "Unconstrained build operations Thread 64" [_thread_blocked, id=66932, stack(0x000000d59e000000,0x000000d59e100000)]
  0x00000216c1061ed0 JavaThread "Unconstrained build operations Thread 65" [_thread_blocked, id=24056, stack(0x000000d59e100000,0x000000d59e200000)]
  0x00000216c10674e0 JavaThread "Unconstrained build operations Thread 66" [_thread_blocked, id=24504, stack(0x000000d59e200000,0x000000d59e300000)]
  0x00000216c1064750 JavaThread "Unconstrained build operations Thread 67" [_thread_blocked, id=19068, stack(0x000000d59e300000,0x000000d59e400000)]
  0x00000216c10660a0 JavaThread "Unconstrained build operations Thread 68" [_thread_blocked, id=46372, stack(0x000000d59e400000,0x000000d59e500000)]
  0x00000216c1065b90 JavaThread "Unconstrained build operations Thread 69" [_thread_blocked, id=19504, stack(0x000000d59e500000,0x000000d59e600000)]
  0x00000216c1065680 JavaThread "Unconstrained build operations Thread 70" [_thread_blocked, id=13152, stack(0x000000d59e600000,0x000000d59e700000)]
  0x00000216c10665b0 JavaThread "Unconstrained build operations Thread 71" [_thread_blocked, id=81960, stack(0x000000d59e700000,0x000000d59e800000)]
  0x00000216c1066ac0 JavaThread "Unconstrained build operations Thread 72" [_thread_blocked, id=60708, stack(0x000000d59e800000,0x000000d59e900000)]
  0x00000216c1066fd0 JavaThread "Unconstrained build operations Thread 73" [_thread_blocked, id=16024, stack(0x000000d59e900000,0x000000d59ea00000)]
  0x00000216c1063d30 JavaThread "Unconstrained build operations Thread 74" [_thread_blocked, id=47364, stack(0x000000d59ea00000,0x000000d59eb00000)]
  0x00000216c10679f0 JavaThread "Unconstrained build operations Thread 75" [_thread_blocked, id=27004, stack(0x000000d59eb00000,0x000000d59ec00000)]
  0x00000216c1064240 JavaThread "Unconstrained build operations Thread 76" [_thread_blocked, id=86116, stack(0x000000d59ec00000,0x000000d59ed00000)]
  0x00000216ca040ee0 JavaThread "Unconstrained build operations Thread 77" [_thread_blocked, id=67716, stack(0x000000d59ed00000,0x000000d59ee00000)]
  0x00000216ca041e10 JavaThread "Unconstrained build operations Thread 78" [_thread_blocked, id=59444, stack(0x000000d59ee00000,0x000000d59ef00000)]
  0x00000216ca0404c0 JavaThread "Unconstrained build operations Thread 79" [_thread_blocked, id=34576, stack(0x000000d59ef00000,0x000000d59f000000)]
  0x00000216ca0409d0 JavaThread "Unconstrained build operations Thread 80" [_thread_blocked, id=49260, stack(0x000000d59f000000,0x000000d59f100000)]
  0x00000216ca0413f0 JavaThread "Unconstrained build operations Thread 81" [_thread_blocked, id=37552, stack(0x000000d59f100000,0x000000d59f200000)]
  0x00000216ca041900 JavaThread "Unconstrained build operations Thread 82" [_thread_blocked, id=88408, stack(0x000000d59f200000,0x000000d59f300000)]
  0x00000216ca042320 JavaThread "Unconstrained build operations Thread 83" [_thread_blocked, id=19708, stack(0x000000d59f300000,0x000000d59f400000)]
  0x00000216ca042830 JavaThread "Unconstrained build operations Thread 84" [_thread_blocked, id=31436, stack(0x000000d59f400000,0x000000d59f500000)]
  0x00000216ca03f080 JavaThread "Unconstrained build operations Thread 85" [_thread_blocked, id=17568, stack(0x000000d59f500000,0x000000d59f600000)]
  0x00000216ca042d40 JavaThread "Unconstrained build operations Thread 86" [_thread_blocked, id=95188, stack(0x000000d59f600000,0x000000d59f700000)]
  0x00000216ca03ffb0 JavaThread "Unconstrained build operations Thread 87" [_thread_blocked, id=32544, stack(0x000000d59f700000,0x000000d59f800000)]
  0x00000216ca03f590 JavaThread "Unconstrained build operations Thread 88" [_thread_blocked, id=6352, stack(0x000000d59f800000,0x000000d59f900000)]
  0x00000216ca043250 JavaThread "Unconstrained build operations Thread 89" [_thread_blocked, id=17600, stack(0x000000d59f900000,0x000000d59fa00000)]
  0x00000216ca03faa0 JavaThread "Unconstrained build operations Thread 90" [_thread_blocked, id=60056, stack(0x000000d59fa00000,0x000000d59fb00000)]
  0x00000216ca044ba0 JavaThread "Unconstrained build operations Thread 91" [_thread_blocked, id=35152, stack(0x000000d59fb00000,0x000000d59fc00000)]
  0x00000216ca045ad0 JavaThread "Unconstrained build operations Thread 92" [_thread_blocked, id=21216, stack(0x000000d59fc00000,0x000000d59fd00000)]
  0x00000216ca0455c0 JavaThread "Unconstrained build operations Thread 93" [_thread_blocked, id=22476, stack(0x000000d59fd00000,0x000000d59fe00000)]
  0x00000216ca0450b0 JavaThread "Unconstrained build operations Thread 94" [_thread_blocked, id=8668, stack(0x000000d59fe00000,0x000000d59ff00000)]
  0x00000216ca043c70 JavaThread "Unconstrained build operations Thread 95" [_thread_blocked, id=95832, stack(0x000000d59ff00000,0x000000d5a0000000)]
  0x00000216ca044690 JavaThread "Unconstrained build operations Thread 96" [_thread_blocked, id=33860, stack(0x000000d5a0000000,0x000000d5a0100000)]
  0x00000216ca045fe0 JavaThread "Unconstrained build operations Thread 97" [_thread_blocked, id=4200, stack(0x000000d5a0100000,0x000000d5a0200000)]
  0x00000216ca0464f0 JavaThread "Unconstrained build operations Thread 98" [_thread_blocked, id=63840, stack(0x000000d5a0200000,0x000000d5a0300000)]
  0x00000216ca046a00 JavaThread "Unconstrained build operations Thread 99" [_thread_blocked, id=1400, stack(0x000000d5a0300000,0x000000d5a0400000)]
  0x00000216ca043760 JavaThread "Unconstrained build operations Thread 100" [_thread_blocked, id=68528, stack(0x000000d5a0400000,0x000000d5a0500000)]
  0x00000216c9de1ce0 JavaThread "Unconstrained build operations Thread 101" [_thread_blocked, id=84444, stack(0x000000d5a0500000,0x000000d5a0600000)]
  0x00000216c9ddef50 JavaThread "Unconstrained build operations Thread 102" [_thread_blocked, id=44760, stack(0x000000d5a0600000,0x000000d5a0700000)]
  0x00000216c9de0390 JavaThread "Unconstrained build operations Thread 103" [_thread_blocked, id=17836, stack(0x000000d5a0700000,0x000000d5a0800000)]
  0x00000216c9de08a0 JavaThread "Unconstrained build operations Thread 104" [_thread_blocked, id=1996, stack(0x000000d5a0800000,0x000000d5a0900000)]
  0x00000216c9de0db0 JavaThread "Unconstrained build operations Thread 105" [_thread_blocked, id=42492, stack(0x000000d5a0900000,0x000000d5a0a00000)]
  0x00000216c9ddf460 JavaThread "Unconstrained build operations Thread 106" [_thread_blocked, id=97528, stack(0x000000d5a0a00000,0x000000d5a0b00000)]
  0x00000216c9de21f0 JavaThread "Unconstrained build operations Thread 107" [_thread_blocked, id=96544, stack(0x000000d5a0b00000,0x000000d5a0c00000)]
  0x00000216c9de3120 JavaThread "Unconstrained build operations Thread 108" [_thread_blocked, id=91560, stack(0x000000d5a0c00000,0x000000d5a0d00000)]
  0x00000216c9de12c0 JavaThread "Unconstrained build operations Thread 109" [_thread_blocked, id=39100, stack(0x000000d5a0d00000,0x000000d5a0e00000)]
  0x00000216c9ddea40 JavaThread "Unconstrained build operations Thread 110" [_thread_blocked, id=63992, stack(0x000000d5a0e00000,0x000000d5a0f00000)]
  0x00000216c9ddfe80 JavaThread "Unconstrained build operations Thread 111" [_thread_blocked, id=100632, stack(0x000000d5a0f00000,0x000000d5a1000000)]
  0x00000216c9de17d0 JavaThread "Unconstrained build operations Thread 112" [_thread_blocked, id=5696, stack(0x000000d5a1000000,0x000000d5a1100000)]
  0x00000216c9de2700 JavaThread "Unconstrained build operations Thread 113" [_thread_blocked, id=82984, stack(0x000000d5a1100000,0x000000d5a1200000)]
  0x00000216c9ddf970 JavaThread "Unconstrained build operations Thread 114" [_thread_blocked, id=38788, stack(0x000000d5a1200000,0x000000d5a1300000)]
  0x00000216c9de4050 JavaThread "Unconstrained build operations Thread 115" [_thread_blocked, id=33716, stack(0x000000d5a1300000,0x000000d5a1400000)]
  0x00000216c9de5eb0 JavaThread "Unconstrained build operations Thread 116" [_thread_blocked, id=76424, stack(0x000000d5a1400000,0x000000d5a1500000)]
  0x00000216c9de4560 JavaThread "Unconstrained build operations Thread 117" [_thread_blocked, id=30732, stack(0x000000d5a1500000,0x000000d5a1600000)]
  0x00000216c9de2c10 JavaThread "Unconstrained build operations Thread 118" [_thread_blocked, id=30780, stack(0x000000d5a1600000,0x000000d5a1700000)]
  0x00000216c9de63c0 JavaThread "Unconstrained build operations Thread 119" [_thread_blocked, id=67748, stack(0x000000d5a1700000,0x000000d5a1800000)]
  0x00000216c9de3630 JavaThread "Unconstrained build operations Thread 120" [_thread_blocked, id=38096, stack(0x000000d5a1800000,0x000000d5a1900000)]
  0x00000216c9de4f80 JavaThread "WorkerExecutor Queue" [_thread_blocked, id=63144, stack(0x000000d5a1900000,0x000000d5a1a00000)]
  0x00000216c9de4a70 JavaThread "pool-4-thread-1" [_thread_in_Java, id=84948, stack(0x000000d5a1a00000,0x000000d5a1b00000)]
  0x00000216c2b01510 JavaThread "C2 CompilerThread1" daemon [_thread_in_native, id=54672, stack(0x000000d596c00000,0x000000d596d00000)]
  0x00000216c2b02fa0 JavaThread "C2 CompilerThread2" daemon [_thread_in_native, id=56008, stack(0x000000d596d00000,0x000000d596e00000)]

Other Threads:
  0x00000216f77dcaa0 VMThread "VM Thread" [stack: 0x000000d595f00000,0x000000d596000000] [id=96520]
  0x00000216daaa1170 WatcherThread [stack: 0x000000d596b00000,0x000000d596c00000] [id=47996]
  0x00000216daad0d40 GCTaskThread "GC Thread#0" [stack: 0x000000d595a00000,0x000000d595b00000] [id=52504]
  0x00000216fc50c890 GCTaskThread "GC Thread#1" [stack: 0x000000d596e00000,0x000000d596f00000] [id=18276]
  0x00000216fc3e82f0 GCTaskThread "GC Thread#2" [stack: 0x000000d596f00000,0x000000d597000000] [id=86824]
  0x00000216fc222950 GCTaskThread "GC Thread#3" [stack: 0x000000d597000000,0x000000d597100000] [id=62812]
  0x00000216fc561ea0 GCTaskThread "GC Thread#4" [stack: 0x000000d597100000,0x000000d597200000] [id=76440]
  0x00000216fc583cd0 GCTaskThread "GC Thread#5" [stack: 0x000000d597200000,0x000000d597300000] [id=28972]
  0x00000216c1477070 GCTaskThread "GC Thread#6" [stack: 0x000000d598300000,0x000000d598400000] [id=24456]
  0x00000216c14780f0 GCTaskThread "GC Thread#7" [stack: 0x000000d598400000,0x000000d598500000] [id=19732]
  0x00000216c1477330 GCTaskThread "GC Thread#8" [stack: 0x000000d598500000,0x000000d598600000] [id=9228]
  0x00000216c14778b0 GCTaskThread "GC Thread#9" [stack: 0x000000d598600000,0x000000d598700000] [id=47480]
  0x00000216daad5ba0 ConcurrentGCThread "G1 Main Marker" [stack: 0x000000d595b00000,0x000000d595c00000] [id=19700]
  0x00000216daad81b0 ConcurrentGCThread "G1 Conc#0" [stack: 0x000000d595c00000,0x000000d595d00000] [id=48572]
  0x00000216c1478930 ConcurrentGCThread "G1 Conc#1" [stack: 0x000000d598700000,0x000000d598800000] [id=91076]
  0x00000216c14783b0 ConcurrentGCThread "G1 Conc#2" [stack: 0x000000d598800000,0x000000d598900000] [id=56428]
  0x00000216dab4ebe0 ConcurrentGCThread "G1 Refine#0" [stack: 0x000000d595d00000,0x000000d595e00000] [id=13600]
  0x00000216c1f934f0 ConcurrentGCThread "G1 Refine#1" [stack: 0x000000d59a400000,0x000000d59a500000] [id=100804]
  0x00000216f769dfa0 ConcurrentGCThread "G1 Service" [stack: 0x000000d595e00000,0x000000d595f00000] [id=39208]

Threads with active compile tasks:
C2 CompilerThread0  17667 17029       4       org.jetbrains.kotlin.com.intellij.lang.impl.PsiBuilderImpl::insertLeaves (88 bytes)
C1 CompilerThread0  17667 17345       2       org.jetbrains.kotlin.renderer.DescriptorRendererImpl::renderName (24 bytes)
C2 CompilerThread1  17667 17284       4       java.util.regex.Pattern::split (288 bytes)
C2 CompilerThread2  17668 17144       4       org.jetbrains.kotlin.com.intellij.openapi.vfs.VirtualFile::findChild (62 bytes)

VM state: not at safepoint (normal execution)

VM Mutex/Monitor currently owned by a thread: None

Heap address: 0x00000000e0000000, size: 512 MB, Compressed Oops mode: 32-bit

CDS archive(s) mapped at: [0x0000021680000000-0x0000021680bb0000-0x0000021680bb0000), size 12255232, SharedBaseAddress: 0x0000021680000000, ArchiveRelocationMode: 1.
Compressed class space mapped at: 0x0000021681000000-0x00000216c1000000, reserved size: 1073741824
Narrow klass base: 0x0000021680000000, Narrow klass shift: 0, Narrow klass range: 0x100000000

GC Precious Log:
 CPUs: 12 total, 12 available
 Memory: 16131M
 Large Page Support: Disabled
 NUMA Support: Disabled
 Compressed Oops: Enabled (32-bit)
 Heap Region Size: 1M
 Heap Min Capacity: 8M
 Heap Initial Capacity: 254M
 Heap Max Capacity: 512M
 Pre-touch: Disabled
 Parallel Workers: 10
 Concurrent Workers: 3
 Concurrent Refinement Workers: 10
 Periodic GC: Disabled

Heap:
 garbage-first heap   total 281600K, used 199410K [0x00000000e0000000, 0x0000000100000000)
  region size 1024K, 38 young (38912K), 8 survivors (8192K)
 Metaspace       used 141131K, committed 142080K, reserved 1179648K
  class space    used 18793K, committed 19264K, reserved 1048576K

Heap Regions: E=young(eden), S=young(survivor), O=old, HS=humongous(starts), HC=humongous(continues), CS=collection set, F=free, OA=open archive, CA=closed archive, TAMS=top-at-mark-start (previous, next)
|   0|0x00000000e0000000, 0x00000000e0100000, 0x00000000e0100000|100%| O|  |TAMS 0x00000000e0100000, 0x00000000e0000000| Untracked 
|   1|0x00000000e0100000, 0x00000000e0200000, 0x00000000e0200000|100%|HS|  |TAMS 0x00000000e0200000, 0x00000000e0100000| Complete 
|   2|0x00000000e0200000, 0x00000000e0300000, 0x00000000e0300000|100%|HC|  |TAMS 0x00000000e0300000, 0x00000000e0200000| Complete 
|   3|0x00000000e0300000, 0x00000000e0400000, 0x00000000e0400000|100%|HC|  |TAMS 0x00000000e0400000, 0x00000000e0300000| Complete 
|   4|0x00000000e0400000, 0x00000000e0500000, 0x00000000e0500000|100%| O|  |TAMS 0x00000000e0500000, 0x00000000e0400000| Untracked 
|   5|0x00000000e0500000, 0x00000000e0600000, 0x00000000e0600000|100%| O|  |TAMS 0x00000000e0600000, 0x00000000e0500000| Untracked 
|   6|0x00000000e0600000, 0x00000000e0700000, 0x00000000e0700000|100%| O|  |TAMS 0x00000000e0700000, 0x00000000e0600000| Untracked 
|   7|0x00000000e0700000, 0x00000000e0800000, 0x00000000e0800000|100%|HS|  |TAMS 0x00000000e0800000, 0x00000000e0700000| Complete 
|   8|0x00000000e0800000, 0x00000000e0900000, 0x00000000e0900000|100%| O|  |TAMS 0x00000000e0900000, 0x00000000e0800000| Untracked 
|   9|0x00000000e0900000, 0x00000000e0a00000, 0x00000000e0a00000|100%| O|  |TAMS 0x00000000e0a00000, 0x00000000e0900000| Untracked 
|  10|0x00000000e0a00000, 0x00000000e0b00000, 0x00000000e0b00000|100%| O|  |TAMS 0x00000000e0b00000, 0x00000000e0a00000| Untracked 
|  11|0x00000000e0b00000, 0x00000000e0c00000, 0x00000000e0c00000|100%| O|  |TAMS 0x00000000e0c00000, 0x00000000e0b00000| Untracked 
|  12|0x00000000e0c00000, 0x00000000e0d00000, 0x00000000e0d00000|100%| O|  |TAMS 0x00000000e0d00000, 0x00000000e0c00000| Untracked 
|  13|0x00000000e0d00000, 0x00000000e0e00000, 0x00000000e0e00000|100%| O|  |TAMS 0x00000000e0e00000, 0x00000000e0d00000| Untracked 
|  14|0x00000000e0e00000, 0x00000000e0f00000, 0x00000000e0f00000|100%| O|  |TAMS 0x00000000e0f00000, 0x00000000e0e00000| Untracked 
|  15|0x00000000e0f00000, 0x00000000e1000000, 0x00000000e1000000|100%| O|  |TAMS 0x00000000e1000000, 0x00000000e0f00000| Untracked 
|  16|0x00000000e1000000, 0x00000000e1100000, 0x00000000e1100000|100%| O|  |TAMS 0x00000000e1100000, 0x00000000e1000000| Untracked 
|  17|0x00000000e1100000, 0x00000000e1200000, 0x00000000e1200000|100%| O|  |TAMS 0x00000000e1200000, 0x00000000e1100000| Untracked 
|  18|0x00000000e1200000, 0x00000000e1300000, 0x00000000e1300000|100%| O|  |TAMS 0x00000000e1300000, 0x00000000e1200000| Untracked 
|  19|0x00000000e1300000, 0x00000000e1400000, 0x00000000e1400000|100%| O|  |TAMS 0x00000000e1400000, 0x00000000e1300000| Untracked 
|  20|0x00000000e1400000, 0x00000000e1500000, 0x00000000e1500000|100%| O|  |TAMS 0x00000000e1500000, 0x00000000e1400000| Untracked 
|  21|0x00000000e1500000, 0x00000000e1600000, 0x00000000e1600000|100%| O|  |TAMS 0x00000000e1600000, 0x00000000e1500000| Untracked 
|  22|0x00000000e1600000, 0x00000000e1700000, 0x00000000e1700000|100%| O|  |TAMS 0x00000000e1700000, 0x00000000e1600000| Untracked 
|  23|0x00000000e1700000, 0x00000000e1800000, 0x00000000e1800000|100%| O|  |TAMS 0x00000000e1800000, 0x00000000e1700000| Untracked 
|  24|0x00000000e1800000, 0x00000000e1900000, 0x00000000e1900000|100%| O|  |TAMS 0x00000000e1900000, 0x00000000e1800000| Untracked 
|  25|0x00000000e1900000, 0x00000000e1a00000, 0x00000000e1a00000|100%| O|  |TAMS 0x00000000e1a00000, 0x00000000e1900000| Untracked 
|  26|0x00000000e1a00000, 0x00000000e1b00000, 0x00000000e1b00000|100%| O|  |TAMS 0x00000000e1b00000, 0x00000000e1a00000| Untracked 
|  27|0x00000000e1b00000, 0x00000000e1c00000, 0x00000000e1c00000|100%| O|  |TAMS 0x00000000e1c00000, 0x00000000e1b00000| Untracked 
|  28|0x00000000e1c00000, 0x00000000e1d00000, 0x00000000e1d00000|100%| O|  |TAMS 0x00000000e1d00000, 0x00000000e1c00000| Untracked 
|  29|0x00000000e1d00000, 0x00000000e1e00000, 0x00000000e1e00000|100%| O|  |TAMS 0x00000000e1e00000, 0x00000000e1d00000| Untracked 
|  30|0x00000000e1e00000, 0x00000000e1f00000, 0x00000000e1f00000|100%| O|  |TAMS 0x00000000e1f00000, 0x00000000e1e00000| Untracked 
|  31|0x00000000e1f00000, 0x00000000e2000000, 0x00000000e2000000|100%| O|  |TAMS 0x00000000e2000000, 0x00000000e1f00000| Untracked 
|  32|0x00000000e2000000, 0x00000000e2100000, 0x00000000e2100000|100%| O|  |TAMS 0x00000000e2100000, 0x00000000e2000000| Untracked 
|  33|0x00000000e2100000, 0x00000000e2200000, 0x00000000e2200000|100%| O|  |TAMS 0x00000000e2200000, 0x00000000e2100000| Untracked 
|  34|0x00000000e2200000, 0x00000000e2300000, 0x00000000e2300000|100%| O|  |TAMS 0x00000000e2300000, 0x00000000e2200000| Untracked 
|  35|0x00000000e2300000, 0x00000000e2400000, 0x00000000e2400000|100%| O|  |TAMS 0x00000000e2400000, 0x00000000e2300000| Untracked 
|  36|0x00000000e2400000, 0x00000000e2500000, 0x00000000e2500000|100%| O|  |TAMS 0x00000000e2500000, 0x00000000e2400000| Untracked 
|  37|0x00000000e2500000, 0x00000000e2600000, 0x00000000e2600000|100%| O|  |TAMS 0x00000000e2600000, 0x00000000e2500000| Untracked 
|  38|0x00000000e2600000, 0x00000000e2700000, 0x00000000e2700000|100%| O|  |TAMS 0x00000000e2700000, 0x00000000e2600000| Untracked 
|  39|0x00000000e2700000, 0x00000000e2800000, 0x00000000e2800000|100%| O|  |TAMS 0x00000000e2800000, 0x00000000e2700000| Untracked 
|  40|0x00000000e2800000, 0x00000000e2900000, 0x00000000e2900000|100%| O|  |TAMS 0x00000000e2800000, 0x00000000e2800000| Untracked 
|  41|0x00000000e2900000, 0x00000000e2a00000, 0x00000000e2a00000|100%| O|  |TAMS 0x00000000e2a00000, 0x00000000e2900000| Untracked 
|  42|0x00000000e2a00000, 0x00000000e2b00000, 0x00000000e2b00000|100%| O|  |TAMS 0x00000000e2b00000, 0x00000000e2a00000| Untracked 
|  43|0x00000000e2b00000, 0x00000000e2c00000, 0x00000000e2c00000|100%|HS|  |TAMS 0x00000000e2c00000, 0x00000000e2b00000| Complete 
|  44|0x00000000e2c00000, 0x00000000e2d00000, 0x00000000e2d00000|100%|HS|  |TAMS 0x00000000e2d00000, 0x00000000e2c00000| Complete 
|  45|0x00000000e2d00000, 0x00000000e2e00000, 0x00000000e2e00000|100%|HS|  |TAMS 0x00000000e2e00000, 0x00000000e2d00000| Complete 
|  46|0x00000000e2e00000, 0x00000000e2f00000, 0x00000000e2f00000|100%|HC|  |TAMS 0x00000000e2f00000, 0x00000000e2e00000| Complete 
|  47|0x00000000e2f00000, 0x00000000e3000000, 0x00000000e3000000|100%|HS|  |TAMS 0x00000000e3000000, 0x00000000e2f00000| Complete 
|  48|0x00000000e3000000, 0x00000000e3100000, 0x00000000e3100000|100%|HS|  |TAMS 0x00000000e3100000, 0x00000000e3000000| Complete 
|  49|0x00000000e3100000, 0x00000000e3200000, 0x00000000e3200000|100%|HC|  |TAMS 0x00000000e3200000, 0x00000000e3100000| Complete 
|  50|0x00000000e3200000, 0x00000000e3300000, 0x00000000e3300000|100%|HC|  |TAMS 0x00000000e3300000, 0x00000000e3200000| Complete 
|  51|0x00000000e3300000, 0x00000000e3400000, 0x00000000e3400000|100%|HC|  |TAMS 0x00000000e3400000, 0x00000000e3300000| Complete 
|  52|0x00000000e3400000, 0x00000000e3500000, 0x00000000e3500000|100%| O|  |TAMS 0x00000000e3500000, 0x00000000e3400000| Untracked 
|  53|0x00000000e3500000, 0x00000000e3600000, 0x00000000e3600000|100%| O|  |TAMS 0x00000000e3600000, 0x00000000e3500000| Untracked 
|  54|0x00000000e3600000, 0x00000000e3700000, 0x00000000e3700000|100%| O|  |TAMS 0x00000000e3700000, 0x00000000e3600000| Untracked 
|  55|0x00000000e3700000, 0x00000000e3800000, 0x00000000e3800000|100%| O|  |TAMS 0x00000000e3800000, 0x00000000e3700000| Untracked 
|  56|0x00000000e3800000, 0x00000000e3900000, 0x00000000e3900000|100%| O|  |TAMS 0x00000000e3900000, 0x00000000e3800000| Untracked 
|  57|0x00000000e3900000, 0x00000000e3a00000, 0x00000000e3a00000|100%| O|  |TAMS 0x00000000e3a00000, 0x00000000e3900000| Untracked 
|  58|0x00000000e3a00000, 0x00000000e3b00000, 0x00000000e3b00000|100%| O|  |TAMS 0x00000000e3b00000, 0x00000000e3a00000| Untracked 
|  59|0x00000000e3b00000, 0x00000000e3c00000, 0x00000000e3c00000|100%|HS|  |TAMS 0x00000000e3c00000, 0x00000000e3b00000| Complete 
|  60|0x00000000e3c00000, 0x00000000e3d00000, 0x00000000e3d00000|100%|HS|  |TAMS 0x00000000e3d00000, 0x00000000e3c00000| Complete 
|  61|0x00000000e3d00000, 0x00000000e3e00000, 0x00000000e3e00000|100%|HC|  |TAMS 0x00000000e3e00000, 0x00000000e3d00000| Complete 
|  62|0x00000000e3e00000, 0x00000000e3f00000, 0x00000000e3f00000|100%| O|  |TAMS 0x00000000e3f00000, 0x00000000e3e00000| Untracked 
|  63|0x00000000e3f00000, 0x00000000e4000000, 0x00000000e4000000|100%| O|  |TAMS 0x00000000e4000000, 0x00000000e3f00000| Untracked 
|  64|0x00000000e4000000, 0x00000000e4100000, 0x00000000e4100000|100%| O|  |TAMS 0x00000000e4100000, 0x00000000e4000000| Untracked 
|  65|0x00000000e4100000, 0x00000000e4200000, 0x00000000e4200000|100%|HS|  |TAMS 0x00000000e4200000, 0x00000000e4100000| Complete 
|  66|0x00000000e4200000, 0x00000000e4300000, 0x00000000e4300000|100%|HS|  |TAMS 0x00000000e4300000, 0x00000000e4200000| Complete 
|  67|0x00000000e4300000, 0x00000000e4400000, 0x00000000e4400000|100%| O|  |TAMS 0x00000000e4400000, 0x00000000e4300000| Untracked 
|  68|0x00000000e4400000, 0x00000000e4500000, 0x00000000e4500000|100%| O|  |TAMS 0x00000000e4500000, 0x00000000e4400000| Untracked 
|  69|0x00000000e4500000, 0x00000000e4600000, 0x00000000e4600000|100%|HS|  |TAMS 0x00000000e4600000, 0x00000000e4500000| Complete 
|  70|0x00000000e4600000, 0x00000000e4700000, 0x00000000e4700000|100%| O|  |TAMS 0x00000000e4700000, 0x00000000e4600000| Untracked 
|  71|0x00000000e4700000, 0x00000000e4800000, 0x00000000e4800000|100%| O|  |TAMS 0x00000000e4800000, 0x00000000e4700000| Untracked 
|  72|0x00000000e4800000, 0x00000000e4900000, 0x00000000e4900000|100%| O|  |TAMS 0x00000000e4900000, 0x00000000e4800000| Untracked 
|  73|0x00000000e4900000, 0x00000000e4a00000, 0x00000000e4a00000|100%| O|  |TAMS 0x00000000e4a00000, 0x00000000e4900000| Untracked 
|  74|0x00000000e4a00000, 0x00000000e4b00000, 0x00000000e4b00000|100%| O|  |TAMS 0x00000000e4b00000, 0x00000000e4a00000| Untracked 
|  75|0x00000000e4b00000, 0x00000000e4c00000, 0x00000000e4c00000|100%| O|  |TAMS 0x00000000e4c00000, 0x00000000e4b00000| Untracked 
|  76|0x00000000e4c00000, 0x00000000e4d00000, 0x00000000e4d00000|100%|HS|  |TAMS 0x00000000e4d00000, 0x00000000e4c00000| Complete 
|  77|0x00000000e4d00000, 0x00000000e4e00000, 0x00000000e4e00000|100%|HC|  |TAMS 0x00000000e4e00000, 0x00000000e4d00000| Complete 
|  78|0x00000000e4e00000, 0x00000000e4f00000, 0x00000000e4f00000|100%|HC|  |TAMS 0x00000000e4f00000, 0x00000000e4e00000| Complete 
|  79|0x00000000e4f00000, 0x00000000e5000000, 0x00000000e5000000|100%|HC|  |TAMS 0x00000000e5000000, 0x00000000e4f00000| Complete 
|  80|0x00000000e5000000, 0x00000000e5100000, 0x00000000e5100000|100%| O|  |TAMS 0x00000000e5100000, 0x00000000e5000000| Untracked 
|  81|0x00000000e5100000, 0x00000000e5200000, 0x00000000e5200000|100%| O|  |TAMS 0x00000000e5200000, 0x00000000e5100000| Untracked 
|  82|0x00000000e5200000, 0x00000000e5300000, 0x00000000e5300000|100%| O|  |TAMS 0x00000000e5300000, 0x00000000e5200000| Untracked 
|  83|0x00000000e5300000, 0x00000000e5400000, 0x00000000e5400000|100%| O|  |TAMS 0x00000000e5400000, 0x00000000e5300000| Untracked 
|  84|0x00000000e5400000, 0x00000000e5500000, 0x00000000e5500000|100%| O|  |TAMS 0x00000000e5500000, 0x00000000e5400000| Untracked 
|  85|0x00000000e5500000, 0x00000000e5600000, 0x00000000e5600000|100%| O|  |TAMS 0x00000000e5600000, 0x00000000e5500000| Untracked 
|  86|0x00000000e5600000, 0x00000000e5700000, 0x00000000e5700000|100%| O|  |TAMS 0x00000000e5700000, 0x00000000e5600000| Untracked 
|  87|0x00000000e5700000, 0x00000000e5800000, 0x00000000e5800000|100%| O|  |TAMS 0x00000000e5800000, 0x00000000e5700000| Untracked 
|  88|0x00000000e5800000, 0x00000000e5900000, 0x00000000e5900000|100%| O|  |TAMS 0x00000000e5900000, 0x00000000e5800000| Untracked 
|  89|0x00000000e5900000, 0x00000000e5a00000, 0x00000000e5a00000|100%| O|  |TAMS 0x00000000e5a00000, 0x00000000e5900000| Untracked 
|  90|0x00000000e5a00000, 0x00000000e5b00000, 0x00000000e5b00000|100%| O|  |TAMS 0x00000000e5b00000, 0x00000000e5a00000| Untracked 
|  91|0x00000000e5b00000, 0x00000000e5c00000, 0x00000000e5c00000|100%| O|  |TAMS 0x00000000e5c00000, 0x00000000e5b00000| Untracked 
|  92|0x00000000e5c00000, 0x00000000e5d00000, 0x00000000e5d00000|100%| O|  |TAMS 0x00000000e5d00000, 0x00000000e5c00000| Untracked 
|  93|0x00000000e5d00000, 0x00000000e5e00000, 0x00000000e5e00000|100%| O|  |TAMS 0x00000000e5e00000, 0x00000000e5d00000| Untracked 
|  94|0x00000000e5e00000, 0x00000000e5f00000, 0x00000000e5f00000|100%| O|  |TAMS 0x00000000e5f00000, 0x00000000e5e00000| Untracked 
|  95|0x00000000e5f00000, 0x00000000e6000000, 0x00000000e6000000|100%| O|  |TAMS 0x00000000e6000000, 0x00000000e5f00000| Untracked 
|  96|0x00000000e6000000, 0x00000000e6100000, 0x00000000e6100000|100%| O|  |TAMS 0x00000000e6100000, 0x00000000e6000000| Untracked 
|  97|0x00000000e6100000, 0x00000000e6200000, 0x00000000e6200000|100%| O|  |TAMS 0x00000000e6200000, 0x00000000e6100000| Untracked 
|  98|0x00000000e6200000, 0x00000000e6300000, 0x00000000e6300000|100%| O|  |TAMS 0x00000000e6300000, 0x00000000e6200000| Untracked 
|  99|0x00000000e6300000, 0x00000000e6400000, 0x00000000e6400000|100%| O|  |TAMS 0x00000000e6400000, 0x00000000e6300000| Untracked 
| 100|0x00000000e6400000, 0x00000000e6500000, 0x00000000e6500000|100%| O|  |TAMS 0x00000000e6500000, 0x00000000e6400000| Untracked 
| 101|0x00000000e6500000, 0x00000000e6600000, 0x00000000e6600000|100%| O|  |TAMS 0x00000000e6600000, 0x00000000e6500000| Untracked 
| 102|0x00000000e6600000, 0x00000000e6700000, 0x00000000e6700000|100%| O|  |TAMS 0x00000000e6700000, 0x00000000e6600000| Untracked 
| 103|0x00000000e6700000, 0x00000000e6800000, 0x00000000e6800000|100%| O|  |TAMS 0x00000000e6800000, 0x00000000e6700000| Untracked 
| 104|0x00000000e6800000, 0x00000000e6900000, 0x00000000e6900000|100%| O|  |TAMS 0x00000000e6800000, 0x00000000e6800000| Untracked 
| 105|0x00000000e6900000, 0x00000000e6a00000, 0x00000000e6a00000|100%| O|  |TAMS 0x00000000e6a00000, 0x00000000e6900000| Untracked 
| 106|0x00000000e6a00000, 0x00000000e6b00000, 0x00000000e6b00000|100%| O|  |TAMS 0x00000000e6b00000, 0x00000000e6a00000| Untracked 
| 107|0x00000000e6b00000, 0x00000000e6c00000, 0x00000000e6c00000|100%| O|  |TAMS 0x00000000e6c00000, 0x00000000e6b00000| Untracked 
| 108|0x00000000e6c00000, 0x00000000e6d00000, 0x00000000e6d00000|100%| O|  |TAMS 0x00000000e6d00000, 0x00000000e6c00000| Untracked 
| 109|0x00000000e6d00000, 0x00000000e6e00000, 0x00000000e6e00000|100%| O|  |TAMS 0x00000000e6e00000, 0x00000000e6d00000| Untracked 
| 110|0x00000000e6e00000, 0x00000000e6f00000, 0x00000000e6f00000|100%| O|  |TAMS 0x00000000e6f00000, 0x00000000e6e00000| Untracked 
| 111|0x00000000e6f00000, 0x00000000e7000000, 0x00000000e7000000|100%| O|  |TAMS 0x00000000e7000000, 0x00000000e6f00000| Untracked 
| 112|0x00000000e7000000, 0x00000000e7100000, 0x00000000e7100000|100%| O|  |TAMS 0x00000000e7100000, 0x00000000e7000000| Untracked 
| 113|0x00000000e7100000, 0x00000000e7200000, 0x00000000e7200000|100%| O|  |TAMS 0x00000000e7200000, 0x00000000e7100000| Untracked 
| 114|0x00000000e7200000, 0x00000000e7300000, 0x00000000e7300000|100%| O|  |TAMS 0x00000000e7300000, 0x00000000e7200000| Untracked 
| 115|0x00000000e7300000, 0x00000000e7400000, 0x00000000e7400000|100%| O|  |TAMS 0x00000000e7400000, 0x00000000e7300000| Untracked 
| 116|0x00000000e7400000, 0x00000000e7500000, 0x00000000e7500000|100%| O|  |TAMS 0x00000000e7500000, 0x00000000e7400000| Untracked 
| 117|0x00000000e7500000, 0x00000000e7600000, 0x00000000e7600000|100%| O|  |TAMS 0x00000000e7600000, 0x00000000e7500000| Untracked 
| 118|0x00000000e7600000, 0x00000000e7700000, 0x00000000e7700000|100%| O|  |TAMS 0x00000000e7641000, 0x00000000e7600000| Untracked 
| 119|0x00000000e7700000, 0x00000000e7800000, 0x00000000e7800000|100%| O|  |TAMS 0x00000000e7700000, 0x00000000e7700000| Untracked 
| 120|0x00000000e7800000, 0x00000000e7900000, 0x00000000e7900000|100%| O|  |TAMS 0x00000000e7800000, 0x00000000e7800000| Untracked 
| 121|0x00000000e7900000, 0x00000000e7a00000, 0x00000000e7a00000|100%| O|  |TAMS 0x00000000e7900000, 0x00000000e7900000| Untracked 
| 122|0x00000000e7a00000, 0x00000000e7b00000, 0x00000000e7b00000|100%| O|  |TAMS 0x00000000e7a00000, 0x00000000e7a00000| Untracked 
| 123|0x00000000e7b00000, 0x00000000e7c00000, 0x00000000e7c00000|100%| O|  |TAMS 0x00000000e7b00000, 0x00000000e7b00000| Untracked 
| 124|0x00000000e7c00000, 0x00000000e7d00000, 0x00000000e7d00000|100%| O|  |TAMS 0x00000000e7c00000, 0x00000000e7c00000| Untracked 
| 125|0x00000000e7d00000, 0x00000000e7e00000, 0x00000000e7e00000|100%| O|  |TAMS 0x00000000e7d00000, 0x00000000e7d00000| Untracked 
| 126|0x00000000e7e00000, 0x00000000e7f00000, 0x00000000e7f00000|100%|HS|  |TAMS 0x00000000e7e00000, 0x00000000e7e00000| Complete 
| 127|0x00000000e7f00000, 0x00000000e8000000, 0x00000000e8000000|100%|HC|  |TAMS 0x00000000e7f00000, 0x00000000e7f00000| Complete 
| 128|0x00000000e8000000, 0x00000000e8100000, 0x00000000e8100000|100%| O|  |TAMS 0x00000000e8000000, 0x00000000e8000000| Untracked 
| 129|0x00000000e8100000, 0x00000000e8200000, 0x00000000e8200000|100%| O|  |TAMS 0x00000000e8100000, 0x00000000e8100000| Untracked 
| 130|0x00000000e8200000, 0x00000000e8300000, 0x00000000e8300000|100%| O|  |TAMS 0x00000000e8200000, 0x00000000e8200000| Untracked 
| 131|0x00000000e8300000, 0x00000000e8400000, 0x00000000e8400000|100%| O|  |TAMS 0x00000000e8300000, 0x00000000e8300000| Untracked 
| 132|0x00000000e8400000, 0x00000000e8500000, 0x00000000e8500000|100%| O|  |TAMS 0x00000000e8400000, 0x00000000e8400000| Untracked 
| 133|0x00000000e8500000, 0x00000000e8600000, 0x00000000e8600000|100%| O|  |TAMS 0x00000000e8500000, 0x00000000e8500000| Untracked 
| 134|0x00000000e8600000, 0x00000000e8700000, 0x00000000e8700000|100%| O|  |TAMS 0x00000000e8600000, 0x00000000e8600000| Untracked 
| 135|0x00000000e8700000, 0x00000000e8800000, 0x00000000e8800000|100%| O|  |TAMS 0x00000000e8700000, 0x00000000e8700000| Untracked 
| 136|0x00000000e8800000, 0x00000000e8900000, 0x00000000e8900000|100%| O|  |TAMS 0x00000000e8800000, 0x00000000e8800000| Untracked 
| 137|0x00000000e8900000, 0x00000000e8a00000, 0x00000000e8a00000|100%| O|  |TAMS 0x00000000e8900000, 0x00000000e8900000| Untracked 
| 138|0x00000000e8a00000, 0x00000000e8b00000, 0x00000000e8b00000|100%| O|  |TAMS 0x00000000e8a00000, 0x00000000e8a00000| Untracked 
| 139|0x00000000e8b00000, 0x00000000e8c00000, 0x00000000e8c00000|100%| O|  |TAMS 0x00000000e8b00000, 0x00000000e8b00000| Untracked 
| 140|0x00000000e8c00000, 0x00000000e8d00000, 0x00000000e8d00000|100%| O|  |TAMS 0x00000000e8c00000, 0x00000000e8c00000| Untracked 
| 141|0x00000000e8d00000, 0x00000000e8e00000, 0x00000000e8e00000|100%| O|  |TAMS 0x00000000e8d00000, 0x00000000e8d00000| Untracked 
| 142|0x00000000e8e00000, 0x00000000e8f00000, 0x00000000e8f00000|100%| O|  |TAMS 0x00000000e8e00000, 0x00000000e8e00000| Untracked 
| 143|0x00000000e8f00000, 0x00000000e9000000, 0x00000000e9000000|100%| O|  |TAMS 0x00000000e8f00000, 0x00000000e8f00000| Untracked 
| 144|0x00000000e9000000, 0x00000000e9100000, 0x00000000e9100000|100%| O|  |TAMS 0x00000000e9000000, 0x00000000e9000000| Untracked 
| 145|0x00000000e9100000, 0x00000000e9200000, 0x00000000e9200000|100%| O|  |TAMS 0x00000000e9100000, 0x00000000e9100000| Untracked 
| 146|0x00000000e9200000, 0x00000000e9300000, 0x00000000e9300000|100%| O|  |TAMS 0x00000000e9200000, 0x00000000e9200000| Untracked 
| 147|0x00000000e9300000, 0x00000000e9400000, 0x00000000e9400000|100%| O|  |TAMS 0x00000000e9300000, 0x00000000e9300000| Untracked 
| 148|0x00000000e9400000, 0x00000000e9500000, 0x00000000e9500000|100%| O|  |TAMS 0x00000000e9400000, 0x00000000e9400000| Untracked 
| 149|0x00000000e9500000, 0x00000000e9600000, 0x00000000e9600000|100%|HS|  |TAMS 0x00000000e9500000, 0x00000000e9500000| Complete 
| 150|0x00000000e9600000, 0x00000000e9700000, 0x00000000e9700000|100%|HC|  |TAMS 0x00000000e9600000, 0x00000000e9600000| Complete 
| 151|0x00000000e9700000, 0x00000000e9800000, 0x00000000e9800000|100%| O|  |TAMS 0x00000000e9700000, 0x00000000e9700000| Untracked 
| 152|0x00000000e9800000, 0x00000000e9900000, 0x00000000e9900000|100%| O|  |TAMS 0x00000000e9800000, 0x00000000e9800000| Untracked 
| 153|0x00000000e9900000, 0x00000000e9a00000, 0x00000000e9a00000|100%| O|  |TAMS 0x00000000e9900000, 0x00000000e9900000| Untracked 
| 154|0x00000000e9a00000, 0x00000000e9b00000, 0x00000000e9b00000|100%| O|  |TAMS 0x00000000e9a00000, 0x00000000e9a00000| Untracked 
| 155|0x00000000e9b00000, 0x00000000e9c00000, 0x00000000e9c00000|100%| O|  |TAMS 0x00000000e9b00000, 0x00000000e9b00000| Untracked 
| 156|0x00000000e9c00000, 0x00000000e9d00000, 0x00000000e9d00000|100%| O|  |TAMS 0x00000000e9c00000, 0x00000000e9c00000| Untracked 
| 157|0x00000000e9d00000, 0x00000000e9ddf600, 0x00000000e9e00000| 87%| O|  |TAMS 0x00000000e9d00000, 0x00000000e9d00000| Untracked 
| 158|0x00000000e9e00000, 0x00000000e9e00000, 0x00000000e9f00000|  0%| F|  |TAMS 0x00000000e9e00000, 0x00000000e9e00000| Untracked 
| 159|0x00000000e9f00000, 0x00000000e9f00000, 0x00000000ea000000|  0%| F|  |TAMS 0x00000000e9f00000, 0x00000000e9f00000| Untracked 
| 160|0x00000000ea000000, 0x00000000ea000000, 0x00000000ea100000|  0%| F|  |TAMS 0x00000000ea000000, 0x00000000ea000000| Untracked 
| 161|0x00000000ea100000, 0x00000000ea100000, 0x00000000ea200000|  0%| F|  |TAMS 0x00000000ea100000, 0x00000000ea100000| Untracked 
| 162|0x00000000ea200000, 0x00000000ea200000, 0x00000000ea300000|  0%| F|  |TAMS 0x00000000ea200000, 0x00000000ea200000| Untracked 
| 163|0x00000000ea300000, 0x00000000ea300000, 0x00000000ea400000|  0%| F|  |TAMS 0x00000000ea300000, 0x00000000ea300000| Untracked 
| 164|0x00000000ea400000, 0x00000000ea400000, 0x00000000ea500000|  0%| F|  |TAMS 0x00000000ea400000, 0x00000000ea400000| Untracked 
| 165|0x00000000ea500000, 0x00000000ea500000, 0x00000000ea600000|  0%| F|  |TAMS 0x00000000ea500000, 0x00000000ea500000| Untracked 
| 166|0x00000000ea600000, 0x00000000ea600000, 0x00000000ea700000|  0%| F|  |TAMS 0x00000000ea600000, 0x00000000ea600000| Untracked 
| 167|0x00000000ea700000, 0x00000000ea700000, 0x00000000ea800000|  0%| F|  |TAMS 0x00000000ea700000, 0x00000000ea700000| Untracked 
| 168|0x00000000ea800000, 0x00000000ea800000, 0x00000000ea900000|  0%| F|  |TAMS 0x00000000ea800000, 0x00000000ea800000| Untracked 
| 169|0x00000000ea900000, 0x00000000ea900000, 0x00000000eaa00000|  0%| F|  |TAMS 0x00000000ea900000, 0x00000000ea900000| Untracked 
| 170|0x00000000eaa00000, 0x00000000eaa00000, 0x00000000eab00000|  0%| F|  |TAMS 0x00000000eaa00000, 0x00000000eaa00000| Untracked 
| 171|0x00000000eab00000, 0x00000000eab00000, 0x00000000eac00000|  0%| F|  |TAMS 0x00000000eab00000, 0x00000000eab00000| Untracked 
| 172|0x00000000eac00000, 0x00000000eac00000, 0x00000000ead00000|  0%| F|  |TAMS 0x00000000eac00000, 0x00000000eac00000| Untracked 
| 173|0x00000000ead00000, 0x00000000ead00000, 0x00000000eae00000|  0%| F|  |TAMS 0x00000000ead00000, 0x00000000ead00000| Untracked 
| 174|0x00000000eae00000, 0x00000000eae00000, 0x00000000eaf00000|  0%| F|  |TAMS 0x00000000eae00000, 0x00000000eae00000| Untracked 
| 175|0x00000000eaf00000, 0x00000000eaf00000, 0x00000000eb000000|  0%| F|  |TAMS 0x00000000eaf00000, 0x00000000eaf00000| Untracked 
| 176|0x00000000eb000000, 0x00000000eb000000, 0x00000000eb100000|  0%| F|  |TAMS 0x00000000eb000000, 0x00000000eb000000| Untracked 
| 177|0x00000000eb100000, 0x00000000eb100000, 0x00000000eb200000|  0%| F|  |TAMS 0x00000000eb100000, 0x00000000eb100000| Untracked 
| 178|0x00000000eb200000, 0x00000000eb200000, 0x00000000eb300000|  0%| F|  |TAMS 0x00000000eb200000, 0x00000000eb200000| Untracked 
| 179|0x00000000eb300000, 0x00000000eb300000, 0x00000000eb400000|  0%| F|  |TAMS 0x00000000eb300000, 0x00000000eb300000| Untracked 
| 180|0x00000000eb400000, 0x00000000eb400000, 0x00000000eb500000|  0%| F|  |TAMS 0x00000000eb400000, 0x00000000eb400000| Untracked 
| 181|0x00000000eb500000, 0x00000000eb500000, 0x00000000eb600000|  0%| F|  |TAMS 0x00000000eb500000, 0x00000000eb500000| Untracked 
| 182|0x00000000eb600000, 0x00000000eb600000, 0x00000000eb700000|  0%| F|  |TAMS 0x00000000eb600000, 0x00000000eb600000| Untracked 
| 183|0x00000000eb700000, 0x00000000eb700000, 0x00000000eb800000|  0%| F|  |TAMS 0x00000000eb700000, 0x00000000eb700000| Untracked 
| 184|0x00000000eb800000, 0x00000000eb800000, 0x00000000eb900000|  0%| F|  |TAMS 0x00000000eb800000, 0x00000000eb800000| Untracked 
| 185|0x00000000eb900000, 0x00000000eb900000, 0x00000000eba00000|  0%| F|  |TAMS 0x00000000eb900000, 0x00000000eb900000| Untracked 
| 186|0x00000000eba00000, 0x00000000eba00000, 0x00000000ebb00000|  0%| F|  |TAMS 0x00000000eba00000, 0x00000000eba00000| Untracked 
| 187|0x00000000ebb00000, 0x00000000ebb00000, 0x00000000ebc00000|  0%| F|  |TAMS 0x00000000ebb00000, 0x00000000ebb00000| Untracked 
| 188|0x00000000ebc00000, 0x00000000ebc00000, 0x00000000ebd00000|  0%| F|  |TAMS 0x00000000ebc00000, 0x00000000ebc00000| Untracked 
| 189|0x00000000ebd00000, 0x00000000ebd00000, 0x00000000ebe00000|  0%| F|  |TAMS 0x00000000ebd00000, 0x00000000ebd00000| Untracked 
| 190|0x00000000ebe00000, 0x00000000ebe00000, 0x00000000ebf00000|  0%| F|  |TAMS 0x00000000ebe00000, 0x00000000ebe00000| Untracked 
| 191|0x00000000ebf00000, 0x00000000ebf00000, 0x00000000ec000000|  0%| F|  |TAMS 0x00000000ebf00000, 0x00000000ebf00000| Untracked 
| 192|0x00000000ec000000, 0x00000000ec000000, 0x00000000ec100000|  0%| F|  |TAMS 0x00000000ec000000, 0x00000000ec000000| Untracked 
| 193|0x00000000ec100000, 0x00000000ec100000, 0x00000000ec200000|  0%| F|  |TAMS 0x00000000ec100000, 0x00000000ec100000| Untracked 
| 194|0x00000000ec200000, 0x00000000ec200000, 0x00000000ec300000|  0%| F|  |TAMS 0x00000000ec200000, 0x00000000ec200000| Untracked 
| 195|0x00000000ec300000, 0x00000000ec300000, 0x00000000ec400000|  0%| F|  |TAMS 0x00000000ec300000, 0x00000000ec300000| Untracked 
| 196|0x00000000ec400000, 0x00000000ec400000, 0x00000000ec500000|  0%| F|  |TAMS 0x00000000ec400000, 0x00000000ec400000| Untracked 
| 197|0x00000000ec500000, 0x00000000ec5dd310, 0x00000000ec600000| 86%| S|CS|TAMS 0x00000000ec500000, 0x00000000ec500000| Complete 
| 198|0x00000000ec600000, 0x00000000ec700000, 0x00000000ec700000|100%| S|CS|TAMS 0x00000000ec600000, 0x00000000ec600000| Complete 
| 199|0x00000000ec700000, 0x00000000ec800000, 0x00000000ec800000|100%| S|CS|TAMS 0x00000000ec700000, 0x00000000ec700000| Complete 
| 200|0x00000000ec800000, 0x00000000ec900000, 0x00000000ec900000|100%| S|CS|TAMS 0x00000000ec800000, 0x00000000ec800000| Complete 
| 201|0x00000000ec900000, 0x00000000eca00000, 0x00000000eca00000|100%| S|CS|TAMS 0x00000000ec900000, 0x00000000ec900000| Complete 
| 202|0x00000000eca00000, 0x00000000ecb00000, 0x00000000ecb00000|100%| S|CS|TAMS 0x00000000eca00000, 0x00000000eca00000| Complete 
| 203|0x00000000ecb00000, 0x00000000ecc00000, 0x00000000ecc00000|100%| S|CS|TAMS 0x00000000ecb00000, 0x00000000ecb00000| Complete 
| 204|0x00000000ecc00000, 0x00000000ecd00000, 0x00000000ecd00000|100%| S|CS|TAMS 0x00000000ecc00000, 0x00000000ecc00000| Complete 
| 205|0x00000000ecd00000, 0x00000000ecd00000, 0x00000000ece00000|  0%| F|  |TAMS 0x00000000ecd00000, 0x00000000ecd00000| Untracked 
| 206|0x00000000ece00000, 0x00000000ece00000, 0x00000000ecf00000|  0%| F|  |TAMS 0x00000000ece00000, 0x00000000ece00000| Untracked 
| 207|0x00000000ecf00000, 0x00000000ecf00000, 0x00000000ed000000|  0%| F|  |TAMS 0x00000000ecf00000, 0x00000000ecf00000| Untracked 
| 208|0x00000000ed000000, 0x00000000ed000000, 0x00000000ed100000|  0%| F|  |TAMS 0x00000000ed000000, 0x00000000ed000000| Untracked 
| 209|0x00000000ed100000, 0x00000000ed100000, 0x00000000ed200000|  0%| F|  |TAMS 0x00000000ed100000, 0x00000000ed100000| Untracked 
| 210|0x00000000ed200000, 0x00000000ed200000, 0x00000000ed300000|  0%| F|  |TAMS 0x00000000ed200000, 0x00000000ed200000| Untracked 
| 211|0x00000000ed300000, 0x00000000ed300000, 0x00000000ed400000|  0%| F|  |TAMS 0x00000000ed300000, 0x00000000ed300000| Untracked 
| 212|0x00000000ed400000, 0x00000000ed400000, 0x00000000ed500000|  0%| F|  |TAMS 0x00000000ed400000, 0x00000000ed400000| Untracked 
| 213|0x00000000ed500000, 0x00000000ed500000, 0x00000000ed600000|  0%| F|  |TAMS 0x00000000ed500000, 0x00000000ed500000| Untracked 
| 214|0x00000000ed600000, 0x00000000ed600000, 0x00000000ed700000|  0%| F|  |TAMS 0x00000000ed600000, 0x00000000ed600000| Untracked 
| 215|0x00000000ed700000, 0x00000000ed700000, 0x00000000ed800000|  0%| F|  |TAMS 0x00000000ed700000, 0x00000000ed700000| Untracked 
| 216|0x00000000ed800000, 0x00000000ed800000, 0x00000000ed900000|  0%| F|  |TAMS 0x00000000ed800000, 0x00000000ed800000| Untracked 
| 217|0x00000000ed900000, 0x00000000ed900000, 0x00000000eda00000|  0%| F|  |TAMS 0x00000000ed900000, 0x00000000ed900000| Untracked 
| 218|0x00000000eda00000, 0x00000000eda00000, 0x00000000edb00000|  0%| F|  |TAMS 0x00000000eda00000, 0x00000000eda00000| Untracked 
| 219|0x00000000edb00000, 0x00000000edb00000, 0x00000000edc00000|  0%| F|  |TAMS 0x00000000edb00000, 0x00000000edb00000| Untracked 
| 220|0x00000000edc00000, 0x00000000edc00000, 0x00000000edd00000|  0%| F|  |TAMS 0x00000000edc00000, 0x00000000edc00000| Untracked 
| 221|0x00000000edd00000, 0x00000000edd00000, 0x00000000ede00000|  0%| F|  |TAMS 0x00000000edd00000, 0x00000000edd00000| Untracked 
| 222|0x00000000ede00000, 0x00000000ede00000, 0x00000000edf00000|  0%| F|  |TAMS 0x00000000ede00000, 0x00000000ede00000| Untracked 
| 223|0x00000000edf00000, 0x00000000edf00000, 0x00000000ee000000|  0%| F|  |TAMS 0x00000000edf00000, 0x00000000edf00000| Untracked 
| 224|0x00000000ee000000, 0x00000000ee000000, 0x00000000ee100000|  0%| F|  |TAMS 0x00000000ee000000, 0x00000000ee000000| Untracked 
| 225|0x00000000ee100000, 0x00000000ee100000, 0x00000000ee200000|  0%| F|  |TAMS 0x00000000ee100000, 0x00000000ee100000| Untracked 
| 226|0x00000000ee200000, 0x00000000ee200000, 0x00000000ee300000|  0%| F|  |TAMS 0x00000000ee200000, 0x00000000ee200000| Untracked 
| 227|0x00000000ee300000, 0x00000000ee300000, 0x00000000ee400000|  0%| F|  |TAMS 0x00000000ee300000, 0x00000000ee300000| Untracked 
| 228|0x00000000ee400000, 0x00000000ee400000, 0x00000000ee500000|  0%| F|  |TAMS 0x00000000ee400000, 0x00000000ee400000| Untracked 
| 229|0x00000000ee500000, 0x00000000ee500000, 0x00000000ee600000|  0%| F|  |TAMS 0x00000000ee500000, 0x00000000ee500000| Untracked 
| 230|0x00000000ee600000, 0x00000000ee600000, 0x00000000ee700000|  0%| F|  |TAMS 0x00000000ee600000, 0x00000000ee600000| Untracked 
| 231|0x00000000ee700000, 0x00000000ee700000, 0x00000000ee800000|  0%| F|  |TAMS 0x00000000ee700000, 0x00000000ee700000| Untracked 
| 232|0x00000000ee800000, 0x00000000ee800000, 0x00000000ee900000|  0%| F|  |TAMS 0x00000000ee800000, 0x00000000ee800000| Untracked 
| 233|0x00000000ee900000, 0x00000000ee900000, 0x00000000eea00000|  0%| F|  |TAMS 0x00000000ee900000, 0x00000000ee900000| Untracked 
| 234|0x00000000eea00000, 0x00000000eea00000, 0x00000000eeb00000| 50%| E|  |TAMS 0x00000000eea00000, 0x00000000eea00000| Complete 
| 235|0x00000000eeb00000, 0x00000000eec00000, 0x00000000eec00000|100%| E|CS|TAMS 0x00000000eeb00000, 0x00000000eeb00000| Complete 
| 236|0x00000000eec00000, 0x00000000eed00000, 0x00000000eed00000|100%| E|CS|TAMS 0x00000000eec00000, 0x00000000eec00000| Complete 
| 237|0x00000000eed00000, 0x00000000eee00000, 0x00000000eee00000|100%| E|CS|TAMS 0x00000000eed00000, 0x00000000eed00000| Complete 
| 238|0x00000000eee00000, 0x00000000eef00000, 0x00000000eef00000|100%| E|CS|TAMS 0x00000000eee00000, 0x00000000eee00000| Complete 
| 239|0x00000000eef00000, 0x00000000ef000000, 0x00000000ef000000|100%| E|CS|TAMS 0x00000000eef00000, 0x00000000eef00000| Complete 
| 240|0x00000000ef000000, 0x00000000ef100000, 0x00000000ef100000|100%| E|CS|TAMS 0x00000000ef000000, 0x00000000ef000000| Complete 
| 241|0x00000000ef100000, 0x00000000ef200000, 0x00000000ef200000|100%| E|CS|TAMS 0x00000000ef100000, 0x00000000ef100000| Complete 
| 242|0x00000000ef200000, 0x00000000ef300000, 0x00000000ef300000|100%| E|CS|TAMS 0x00000000ef200000, 0x00000000ef200000| Complete 
| 243|0x00000000ef300000, 0x00000000ef400000, 0x00000000ef400000|100%| E|CS|TAMS 0x00000000ef300000, 0x00000000ef300000| Complete 
| 244|0x00000000ef400000, 0x00000000ef500000, 0x00000000ef500000|100%| E|CS|TAMS 0x00000000ef400000, 0x00000000ef400000| Complete 
| 245|0x00000000ef500000, 0x00000000ef600000, 0x00000000ef600000|100%| E|CS|TAMS 0x00000000ef500000, 0x00000000ef500000| Complete 
| 246|0x00000000ef600000, 0x00000000ef700000, 0x00000000ef700000|100%| E|CS|TAMS 0x00000000ef600000, 0x00000000ef600000| Complete 
| 247|0x00000000ef700000, 0x00000000ef800000, 0x00000000ef800000|100%| E|CS|TAMS 0x00000000ef700000, 0x00000000ef700000| Complete 
| 248|0x00000000ef800000, 0x00000000ef900000, 0x00000000ef900000|100%| E|CS|TAMS 0x00000000ef800000, 0x00000000ef800000| Complete 
| 249|0x00000000ef900000, 0x00000000efa00000, 0x00000000efa00000|100%| E|CS|TAMS 0x00000000ef900000, 0x00000000ef900000| Complete 
| 250|0x00000000efa00000, 0x00000000efb00000, 0x00000000efb00000|100%| E|CS|TAMS 0x00000000efa00000, 0x00000000efa00000| Complete 
| 251|0x00000000efb00000, 0x00000000efc00000, 0x00000000efc00000|100%| E|CS|TAMS 0x00000000efb00000, 0x00000000efb00000| Complete 
| 252|0x00000000efc00000, 0x00000000efd00000, 0x00000000efd00000|100%| E|CS|TAMS 0x00000000efc00000, 0x00000000efc00000| Complete 
| 253|0x00000000efd00000, 0x00000000efe00000, 0x00000000efe00000|100%| E|CS|TAMS 0x00000000efd00000, 0x00000000efd00000| Complete 
| 254|0x00000000efe00000, 0x00000000eff00000, 0x00000000eff00000|100%| E|CS|TAMS 0x00000000efe00000, 0x00000000efe00000| Complete 
| 255|0x00000000eff00000, 0x00000000f0000000, 0x00000000f0000000|100%| E|CS|TAMS 0x00000000eff00000, 0x00000000eff00000| Complete 
| 256|0x00000000f0000000, 0x00000000f0100000, 0x00000000f0100000|100%| E|CS|TAMS 0x00000000f0000000, 0x00000000f0000000| Complete 
| 257|0x00000000f0100000, 0x00000000f0200000, 0x00000000f0200000|100%| E|CS|TAMS 0x00000000f0100000, 0x00000000f0100000| Complete 
| 258|0x00000000f0200000, 0x00000000f0300000, 0x00000000f0300000|100%| E|CS|TAMS 0x00000000f0200000, 0x00000000f0200000| Complete 
| 259|0x00000000f0300000, 0x00000000f0400000, 0x00000000f0400000|100%| E|CS|TAMS 0x00000000f0300000, 0x00000000f0300000| Complete 
| 260|0x00000000f0400000, 0x00000000f0500000, 0x00000000f0500000|100%| E|CS|TAMS 0x00000000f0400000, 0x00000000f0400000| Complete 
| 261|0x00000000f0500000, 0x00000000f0600000, 0x00000000f0600000|100%| E|CS|TAMS 0x00000000f0500000, 0x00000000f0500000| Complete 
| 262|0x00000000f0600000, 0x00000000f0700000, 0x00000000f0700000|100%| E|CS|TAMS 0x00000000f0600000, 0x00000000f0600000| Complete 
| 263|0x00000000f0700000, 0x00000000f0800000, 0x00000000f0800000|100%| E|CS|TAMS 0x00000000f0700000, 0x00000000f0700000| Complete 
| 264|0x00000000f0800000, 0x00000000f0900000, 0x00000000f0900000|100%| E|CS|TAMS 0x00000000f0800000, 0x00000000f0800000| Complete 
| 265|0x00000000f0900000, 0x00000000f0a00000, 0x00000000f0a00000|100%| E|CS|TAMS 0x00000000f0900000, 0x00000000f0900000| Complete 
| 266|0x00000000f0a00000, 0x00000000f0b00000, 0x00000000f0b00000|100%| E|CS|TAMS 0x00000000f0a00000, 0x00000000f0a00000| Complete 
| 267|0x00000000f0b00000, 0x00000000f0c00000, 0x00000000f0c00000|100%| E|CS|TAMS 0x00000000f0b00000, 0x00000000f0b00000| Complete 
| 268|0x00000000f0c00000, 0x00000000f0d00000, 0x00000000f0d00000|100%| E|CS|TAMS 0x00000000f0c00000, 0x00000000f0c00000| Complete 
| 269|0x00000000f0d00000, 0x00000000f0e00000, 0x00000000f0e00000|100%| E|CS|TAMS 0x00000000f0d00000, 0x00000000f0d00000| Complete 
| 270|0x00000000f0e00000, 0x00000000f0f00000, 0x00000000f0f00000|100%| E|CS|TAMS 0x00000000f0e00000, 0x00000000f0e00000| Complete 
| 271|0x00000000f0f00000, 0x00000000f1000000, 0x00000000f1000000|100%| E|CS|TAMS 0x00000000f0f00000, 0x00000000f0f00000| Complete 
| 272|0x00000000f1000000, 0x00000000f1100000, 0x00000000f1100000|100%| E|CS|TAMS 0x00000000f1000000, 0x00000000f1000000| Complete 
| 273|0x00000000f1100000, 0x00000000f1200000, 0x00000000f1200000|100%| E|CS|TAMS 0x00000000f1100000, 0x00000000f1100000| Complete 
| 274|0x00000000f1200000, 0x00000000f1300000, 0x00000000f1300000|100%| E|CS|TAMS 0x00000000f1200000, 0x00000000f1200000| Complete 

Card table byte_map: [0x00000216f3950000,0x00000216f3a50000] _byte_map_base: 0x00000216f3250000

Marking Bits (Prev, Next): (CMBitMap*) 0x00000216daad1270, (CMBitMap*) 0x00000216daad12b0
 Prev Bits: [0x00000216f3b50000, 0x00000216f4350000)
 Next Bits: [0x00000216f4350000, 0x00000216f4b50000)

Polling page: 0x00000216da7b0000

Metaspace:

Usage:
  Non-class:    119.48 MB used.
      Class:     18.35 MB used.
       Both:    137.83 MB used.

Virtual space:
  Non-class space:      128.00 MB reserved,     120.00 MB ( 94%) committed,  2 nodes.
      Class space:        1.00 GB reserved,      18.81 MB (  2%) committed,  1 nodes.
             Both:        1.12 GB reserved,     138.81 MB ( 12%) committed. 

Chunk freelists:
   Non-Class:  7.73 MB
       Class:  13.20 MB
        Both:  20.94 MB

MaxMetaspaceSize: unlimited
CompressedClassSpaceSize: 1.00 GB
Initial GC threshold: 21.00 MB
Current GC threshold: 162.81 MB
CDS: on
MetaspaceReclaimPolicy: balanced
 - commit_granule_bytes: 65536.
 - commit_granule_words: 8192.
 - virtual_space_node_default_size: 8388608.
 - enlarge_chunks_in_place: 1.
 - new_chunks_are_fully_committed: 0.
 - uncommit_free_chunks: 1.
 - use_allocation_guard: 0.
 - handle_deallocations: 1.


Internal statistics:

num_allocs_failed_limit: 6.
num_arena_births: 1376.
num_arena_deaths: 0.
num_vsnodes_births: 3.
num_vsnodes_deaths: 0.
num_space_committed: 2218.
num_space_uncommitted: 0.
num_chunks_returned_to_freelist: 6.
num_chunks_taken_from_freelist: 7175.
num_chunk_merges: 6.
num_chunk_splits: 5006.
num_chunks_enlarged: 3616.
num_inconsistent_stats: 0.

CodeHeap 'non-profiled nmethods': size=120000Kb used=9180Kb max_used=9704Kb free=110819Kb
 bounds [0x00000216eb6a0000, 0x00000216ec020000, 0x00000216f2bd0000]
CodeHeap 'profiled nmethods': size=120000Kb used=28373Kb max_used=29000Kb free=91626Kb
 bounds [0x00000216e3bd0000, 0x00000216e5830000, 0x00000216eb100000]
CodeHeap 'non-nmethods': size=5760Kb used=2480Kb max_used=2590Kb free=3279Kb
 bounds [0x00000216eb100000, 0x00000216eb3a0000, 0x00000216eb6a0000]
 total_blobs=15378 nmethods=14347 adapters=943
 compilation: enabled
              stopped_count=0, restarted_count=0
 full_count=0

Compilation events (20 events):
Event: 17.403 Thread 0x00000216f791dc90 17274       2       org.jetbrains.kotlin.load.kotlin.header.ReadKotlinClassHeaderAnnotationVisitor::visitEnd (1 bytes)
Event: 17.403 Thread 0x00000216f791dc90 nmethod 17274 0x00000216e463a310 code [0x00000216e463a4a0, 0x00000216e463a598]
Event: 17.403 Thread 0x00000216f791dc90 17275       2       org.jetbrains.kotlin.load.kotlin.header.ReadKotlinClassHeaderAnnotationVisitor::createHeader (138 bytes)
Event: 17.404 Thread 0x00000216f791dc90 nmethod 17275 0x00000216e5804390 code [0x00000216e58045e0, 0x00000216e5804c38]
Event: 17.405 Thread 0x00000216f791dc90 17276       2       org.jetbrains.kotlin.load.kotlin.VirtualFileKotlinClass$Factory$create$1$kotlinJvmBinaryClass$1::invoke (38 bytes)
Event: 17.405 Thread 0x00000216f791dc90 nmethod 17276 0x00000216e5804f10 code [0x00000216e58051a0, 0x00000216e5805968]
Event: 17.405 Thread 0x00000216f791dc90 17277       2       org.jetbrains.kotlin.load.kotlin.VirtualFileKotlinClass::<init> (12 bytes)
Event: 17.406 Thread 0x00000216f791dc90 nmethod 17277 0x00000216e5805e90 code [0x00000216e5806040, 0x00000216e5806168]
Event: 17.406 Thread 0x00000216f791dc90 17278       2       org.jetbrains.kotlin.load.kotlin.VirtualFileKotlinClass::<init> (16 bytes)
Event: 17.406 Thread 0x00000216f791dc90 nmethod 17278 0x00000216e5806210 code [0x00000216e58063c0, 0x00000216e5806548]
Event: 17.406 Thread 0x00000216f791dc90 17279       2       org.jetbrains.kotlin.load.kotlin.FileBasedKotlinClass::<init> (51 bytes)
Event: 17.406 Thread 0x00000216f791dc90 nmethod 17279 0x00000216e5806610 code [0x00000216e58067e0, 0x00000216e5806aa8]
Event: 17.431 Thread 0x00000216f791dc90 17281       3       org.jetbrains.kotlin.load.kotlin.header.ReadKotlinClassHeaderAnnotationVisitor$CollectStringArrayAnnotationVisitor::visitEnd (21 bytes)
Event: 17.432 Thread 0x00000216f791dc90 nmethod 17281 0x00000216e5806b90 code [0x00000216e5806d60, 0x00000216e5807198]
Event: 17.464 Thread 0x00000216f791dc90 17285       3       org.jetbrains.org.objectweb.asm.ClassReader::readField (667 bytes)
Event: 17.474 Thread 0x00000216f791dc90 nmethod 17285 0x00000216e5807290 code [0x00000216e5807800, 0x00000216e580a0e8]
Event: 17.476 Thread 0x00000216f791dc90 17286       3       org.jetbrains.kotlin.com.intellij.core.CoreFileTypeRegistry::getFileTypeByFile (54 bytes)
Event: 17.477 Thread 0x00000216f791dc90 nmethod 17286 0x00000216e580b390 code [0x00000216e580b600, 0x00000216e580c088]
Event: 17.477 Thread 0x00000216f791dc90 17287       3       org.jetbrains.kotlin.com.intellij.core.CoreFileTypeRegistry::getFileTypeByExtension (44 bytes)
Event: 17.477 Thread 0x00000216f791dc90 nmethod 17287 0x00000216e580c310 code [0x00000216e580c4e0, 0x00000216e580c908]

GC Heap History (20 events):
Event: 12.585 GC heap before
{Heap before GC invocations=65 (full 0):
 garbage-first heap   total 208896K, used 159447K [0x00000000e0000000, 0x0000000100000000)
  region size 1024K, 46 young (47104K), 5 survivors (5120K)
 Metaspace       used 98526K, committed 99328K, reserved 1179648K
  class space    used 13598K, committed 13952K, reserved 1048576K
}
Event: 12.592 GC heap after
{Heap after GC invocations=66 (full 0):
 garbage-first heap   total 208896K, used 120693K [0x00000000e0000000, 0x0000000100000000)
  region size 1024K, 3 young (3072K), 3 survivors (3072K)
 Metaspace       used 98526K, committed 99328K, reserved 1179648K
  class space    used 13598K, committed 13952K, reserved 1048576K
}
Event: 12.610 GC heap before
{Heap before GC invocations=66 (full 0):
 garbage-first heap   total 208896K, used 126837K [0x00000000e0000000, 0x0000000100000000)
  region size 1024K, 10 young (10240K), 3 survivors (3072K)
 Metaspace       used 98527K, committed 99328K, reserved 1179648K
  class space    used 13598K, committed 13952K, reserved 1048576K
}
Event: 12.612 GC heap after
{Heap after GC invocations=67 (full 0):
 garbage-first heap   total 208896K, used 120548K [0x00000000e0000000, 0x0000000100000000)
  region size 1024K, 1 young (1024K), 1 survivors (1024K)
 Metaspace       used 98527K, committed 99328K, reserved 1179648K
  class space    used 13598K, committed 13952K, reserved 1048576K
}
Event: 13.023 GC heap before
{Heap before GC invocations=67 (full 0):
 garbage-first heap   total 208896K, used 172772K [0x00000000e0000000, 0x0000000100000000)
  region size 1024K, 52 young (53248K), 1 survivors (1024K)
 Metaspace       used 99081K, committed 99904K, reserved 1179648K
  class space    used 13687K, committed 14080K, reserved 1048576K
}
Event: 13.027 GC heap after
{Heap after GC invocations=68 (full 0):
 garbage-first heap   total 208896K, used 123327K [0x00000000e0000000, 0x0000000100000000)
  region size 1024K, 4 young (4096K), 4 survivors (4096K)
 Metaspace       used 99081K, committed 99904K, reserved 1179648K
  class space    used 13687K, committed 14080K, reserved 1048576K
}
Event: 13.506 GC heap before
{Heap before GC invocations=69 (full 0):
 garbage-first heap   total 214016K, used 172479K [0x00000000e0000000, 0x0000000100000000)
  region size 1024K, 53 young (54272K), 4 survivors (4096K)
 Metaspace       used 101915K, committed 102784K, reserved 1179648K
  class space    used 13989K, committed 14400K, reserved 1048576K
}
Event: 13.513 GC heap after
{Heap after GC invocations=70 (full 0):
 garbage-first heap   total 214016K, used 127574K [0x00000000e0000000, 0x0000000100000000)
  region size 1024K, 7 young (7168K), 7 survivors (7168K)
 Metaspace       used 101915K, committed 102784K, reserved 1179648K
  class space    used 13989K, committed 14400K, reserved 1048576K
}
Event: 13.520 GC heap before
{Heap before GC invocations=70 (full 0):
 garbage-first heap   total 214016K, used 129622K [0x00000000e0000000, 0x0000000100000000)
  region size 1024K, 10 young (10240K), 7 survivors (7168K)
 Metaspace       used 101974K, committed 102848K, reserved 1179648K
  class space    used 13989K, committed 14400K, reserved 1048576K
}
Event: 13.525 GC heap after
{Heap after GC invocations=71 (full 0):
 garbage-first heap   total 214016K, used 128457K [0x00000000e0000000, 0x0000000100000000)
  region size 1024K, 2 young (2048K), 2 survivors (2048K)
 Metaspace       used 101974K, committed 102848K, reserved 1179648K
  class space    used 13989K, committed 14400K, reserved 1048576K
}
Event: 13.668 GC heap before
{Heap before GC invocations=71 (full 0):
 garbage-first heap   total 214016K, used 179657K [0x00000000e0000000, 0x0000000100000000)
  region size 1024K, 51 young (52224K), 2 survivors (2048K)
 Metaspace       used 103369K, committed 104192K, reserved 1179648K
  class space    used 14053K, committed 14464K, reserved 1048576K
}
Event: 13.671 GC heap after
{Heap after GC invocations=72 (full 0):
 garbage-first heap   total 281600K, used 129382K [0x00000000e0000000, 0x0000000100000000)
  region size 1024K, 2 young (2048K), 2 survivors (2048K)
 Metaspace       used 103369K, committed 104192K, reserved 1179648K
  class space    used 14053K, committed 14464K, reserved 1048576K
}
Event: 15.007 GC heap before
{Heap before GC invocations=72 (full 0):
 garbage-first heap   total 281600K, used 235878K [0x00000000e0000000, 0x0000000100000000)
  region size 1024K, 103 young (105472K), 2 survivors (2048K)
 Metaspace       used 118043K, committed 118976K, reserved 1179648K
  class space    used 16369K, committed 16832K, reserved 1048576K
}
Event: 15.017 GC heap after
{Heap after GC invocations=73 (full 0):
 garbage-first heap   total 281600K, used 141990K [0x00000000e0000000, 0x0000000100000000)
  region size 1024K, 13 young (13312K), 13 survivors (13312K)
 Metaspace       used 118043K, committed 118976K, reserved 1179648K
  class space    used 16369K, committed 16832K, reserved 1048576K
}
Event: 16.040 GC heap before
{Heap before GC invocations=73 (full 0):
 garbage-first heap   total 281600K, used 232102K [0x00000000e0000000, 0x0000000100000000)
  region size 1024K, 99 young (101376K), 13 survivors (13312K)
 Metaspace       used 130435K, committed 131392K, reserved 1179648K
  class space    used 17631K, committed 18112K, reserved 1048576K
}
Event: 16.053 GC heap after
{Heap after GC invocations=74 (full 0):
 garbage-first heap   total 281600K, used 149565K [0x00000000e0000000, 0x0000000100000000)
  region size 1024K, 10 young (10240K), 10 survivors (10240K)
 Metaspace       used 130435K, committed 131392K, reserved 1179648K
  class space    used 17631K, committed 18112K, reserved 1048576K
}
Event: 16.863 GC heap before
{Heap before GC invocations=74 (full 0):
 garbage-first heap   total 281600K, used 232509K [0x00000000e0000000, 0x0000000100000000)
  region size 1024K, 88 young (90112K), 10 survivors (10240K)
 Metaspace       used 137259K, committed 138240K, reserved 1179648K
  class space    used 18368K, committed 18816K, reserved 1048576K
}
Event: 16.871 GC heap after
{Heap after GC invocations=75 (full 0):
 garbage-first heap   total 281600K, used 159637K [0x00000000e0000000, 0x0000000100000000)
  region size 1024K, 8 young (8192K), 8 survivors (8192K)
 Metaspace       used 137259K, committed 138240K, reserved 1179648K
  class space    used 18368K, committed 18816K, reserved 1048576K
}
Event: 17.465 GC heap before
{Heap before GC invocations=75 (full 0):
 garbage-first heap   total 281600K, used 233365K [0x00000000e0000000, 0x0000000100000000)
  region size 1024K, 78 young (79872K), 8 survivors (8192K)
 Metaspace       used 141105K, committed 142080K, reserved 1179648K
  class space    used 18793K, committed 19264K, reserved 1048576K
}
Event: 17.474 GC heap after
{Heap after GC invocations=76 (full 0):
 garbage-first heap   total 281600K, used 169714K [0x00000000e0000000, 0x0000000100000000)
  region size 1024K, 8 young (8192K), 8 survivors (8192K)
 Metaspace       used 141105K, committed 142080K, reserved 1179648K
  class space    used 18793K, committed 19264K, reserved 1048576K
}

Dll operation events (15 events):
Event: 0.006 Loaded shared library C:\Users\psgh\.gradle\jdks\eclipse_adoptium-17-amd64-windows.2\bin\java.dll
Event: 0.020 Loaded shared library C:\Users\psgh\.gradle\jdks\eclipse_adoptium-17-amd64-windows.2\bin\jsvml.dll
Event: 0.052 Loaded shared library C:\Users\psgh\.gradle\jdks\eclipse_adoptium-17-amd64-windows.2\bin\zip.dll
Event: 0.054 Loaded shared library C:\Users\psgh\.gradle\jdks\eclipse_adoptium-17-amd64-windows.2\bin\instrument.dll
Event: 0.058 Loaded shared library C:\Users\psgh\.gradle\jdks\eclipse_adoptium-17-amd64-windows.2\bin\net.dll
Event: 0.060 Loaded shared library C:\Users\psgh\.gradle\jdks\eclipse_adoptium-17-amd64-windows.2\bin\nio.dll
Event: 0.062 Loaded shared library C:\Users\psgh\.gradle\jdks\eclipse_adoptium-17-amd64-windows.2\bin\zip.dll
Event: 0.203 Loaded shared library C:\Users\psgh\.gradle\jdks\eclipse_adoptium-17-amd64-windows.2\bin\jimage.dll
Event: 0.297 Loaded shared library C:\Users\psgh\.gradle\jdks\eclipse_adoptium-17-amd64-windows.2\bin\verify.dll
Event: 0.395 Loaded shared library C:\Users\psgh\.gradle\native\c067742578af261105cb4f569cf0c3c89f3d7b1fecec35dd04571415982c5e48\windows-amd64\native-platform.dll
Event: 0.400 Loaded shared library C:\Users\psgh\.gradle\native\100fb08df4bc3b14c8652ba06237920a3bd2aa13389f12d3474272988ae205f9\windows-amd64\native-platform-file-events.dll
Event: 1.153 Loaded shared library C:\Users\psgh\.gradle\jdks\eclipse_adoptium-17-amd64-windows.2\bin\management.dll
Event: 1.155 Loaded shared library C:\Users\psgh\.gradle\jdks\eclipse_adoptium-17-amd64-windows.2\bin\management_ext.dll
Event: 1.296 Loaded shared library C:\Users\psgh\.gradle\jdks\eclipse_adoptium-17-amd64-windows.2\bin\extnet.dll
Event: 1.502 Loaded shared library C:\Users\psgh\.gradle\jdks\eclipse_adoptium-17-amd64-windows.2\bin\sunmscapi.dll

Deoptimization events (20 events):
Event: 17.308 Thread 0x00000216c9de4a70 Uncommon trap: trap_request=0xffffff3d fr.pc=0x00000216ebf9442c relative=0x000000000000220c
Event: 17.308 Thread 0x00000216c9de4a70 Uncommon trap: reason=unstable_fused_if action=reinterpret pc=0x00000216ebf9442c method=org.jetbrains.kotlin.metadata.ProtoBuf$Type.<init>(Lorg/jetbrains/kotlin/protobuf/CodedInputStream;Lorg/jetbrains/kotlin/protobuf/ExtensionRegistryLite;)V @ 49 c2
Event: 17.308 Thread 0x00000216c9de4a70 DEOPT PACKING pc=0x00000216ebf9442c sp=0x000000d5a1afb940
Event: 17.308 Thread 0x00000216c9de4a70 DEOPT UNPACKING pc=0x00000216eb1569a3 sp=0x000000d5a1afb8f8 mode 2
Event: 17.308 Thread 0x00000216c9de4a70 Uncommon trap: trap_request=0xffffff45 fr.pc=0x00000216ebfe55b0 relative=0x00000000000015f0
Event: 17.308 Thread 0x00000216c9de4a70 Uncommon trap: reason=unstable_if action=reinterpret pc=0x00000216ebfe55b0 method=org.jetbrains.kotlin.metadata.ProtoBuf$Type.hasOuterType()Z @ 11 c2
Event: 17.308 Thread 0x00000216c9de4a70 DEOPT PACKING pc=0x00000216ebfe55b0 sp=0x000000d5a1afbed0
Event: 17.308 Thread 0x00000216c9de4a70 DEOPT UNPACKING pc=0x00000216eb1569a3 sp=0x000000d5a1afbe20 mode 2
Event: 17.308 Thread 0x00000216c9de4a70 Uncommon trap: trap_request=0xffffff45 fr.pc=0x00000216ebfe1ff8 relative=0x0000000000000c78
Event: 17.308 Thread 0x00000216c9de4a70 Uncommon trap: reason=unstable_if action=reinterpret pc=0x00000216ebfe1ff8 method=org.jetbrains.kotlin.metadata.ProtoBuf$Type.getSerializedSize()I @ 250 c2
Event: 17.308 Thread 0x00000216c9de4a70 DEOPT PACKING pc=0x00000216ebfe1ff8 sp=0x000000d5a1afbb20
Event: 17.308 Thread 0x00000216c9de4a70 DEOPT UNPACKING pc=0x00000216eb1569a3 sp=0x000000d5a1afbae0 mode 2
Event: 17.308 Thread 0x00000216c9de4a70 Uncommon trap: trap_request=0xffffff45 fr.pc=0x00000216ebff2b34 relative=0x00000000000019d4
Event: 17.308 Thread 0x00000216c9de4a70 Uncommon trap: reason=unstable_if action=reinterpret pc=0x00000216ebff2b34 method=org.jetbrains.kotlin.metadata.ProtoBuf$Type.writeTo(Lorg/jetbrains/kotlin/protobuf/CodedOutputStream;)V @ 228 c2
Event: 17.308 Thread 0x00000216c9de4a70 DEOPT PACKING pc=0x00000216ebff2b34 sp=0x000000d5a1afbb40
Event: 17.308 Thread 0x00000216c9de4a70 DEOPT UNPACKING pc=0x00000216eb1569a3 sp=0x000000d5a1afbb28 mode 2
Event: 17.358 Thread 0x00000216c9de4a70 Uncommon trap: trap_request=0xffffffbe fr.pc=0x00000216ebc4d03c relative=0x000000000000309c
Event: 17.358 Thread 0x00000216c9de4a70 Uncommon trap: reason=profile_predicate action=maybe_recompile pc=0x00000216ebc4d03c method=org.jetbrains.kotlin.serialization.deserialization.descriptors.DeserializedPackageMemberScope.hasClass(Lorg/jetbrains/kotlin/name/Name;)Z @ 65 c2
Event: 17.358 Thread 0x00000216c9de4a70 DEOPT PACKING pc=0x00000216ebc4d03c sp=0x000000d5a1afbf70
Event: 17.358 Thread 0x00000216c9de4a70 DEOPT UNPACKING pc=0x00000216eb1569a3 sp=0x000000d5a1afbec0 mode 2

Classes loaded (20 events):
Event: 14.639 Loading class java/beans/PropertyChangeSupport
Event: 14.640 Loading class java/beans/PropertyChangeSupport done
Event: 14.640 Loading class java/beans/PropertyChangeSupport$PropertyChangeListenerMap
Event: 14.640 Loading class java/beans/ChangeListenerMap
Event: 14.640 Loading class java/beans/ChangeListenerMap done
Event: 14.640 Loading class java/beans/PropertyChangeSupport$PropertyChangeListenerMap done
Event: 14.657 Loading class sun/nio/cs/ThreadLocalCoders
Event: 14.657 Loading class sun/nio/cs/ThreadLocalCoders done
Event: 14.657 Loading class sun/nio/cs/ThreadLocalCoders$1
Event: 14.657 Loading class sun/nio/cs/ThreadLocalCoders$Cache
Event: 14.657 Loading class sun/nio/cs/ThreadLocalCoders$Cache done
Event: 14.657 Loading class sun/nio/cs/ThreadLocalCoders$1 done
Event: 14.657 Loading class sun/nio/cs/ThreadLocalCoders$2
Event: 14.657 Loading class sun/nio/cs/ThreadLocalCoders$2 done
Event: 16.213 Loading class java/util/AbstractList$SubList$1
Event: 16.214 Loading class java/util/AbstractList$SubList$1 done
Event: 16.234 Loading class java/text/StringCharacterIterator
Event: 16.235 Loading class java/text/CharacterIterator
Event: 16.235 Loading class java/text/CharacterIterator done
Event: 16.235 Loading class java/text/StringCharacterIterator done

Classes unloaded (0 events):
No events

Classes redefined (0 events):
No events

Internal exceptions (20 events):
Event: 14.021 Thread 0x00000216c9de4a70 Exception <a 'java/lang/NoSuchMethodError'{0x00000000ef3e5918}: 'java.lang.Object java.lang.invoke.DirectMethodHandle$Holder.invokeStaticInit(java.lang.Object, int)'> (0x00000000ef3e5918) 
thrown [s\src\hotspot\share\interpreter\linkResolver.cpp, line 759]
Event: 14.044 Thread 0x00000216c9de4a70 Exception <a 'java/lang/NoSuchMethodError'{0x00000000ef180a10}: 'long java.lang.invoke.DirectMethodHandle$Holder.invokeStatic(java.lang.Object)'> (0x00000000ef180a10) 
thrown [s\src\hotspot\share\interpreter\linkResolver.cpp, line 759]
Event: 14.044 Thread 0x00000216c9de4a70 Exception <a 'java/lang/NoSuchMethodError'{0x00000000ef1842c8}: 'long java.lang.invoke.DirectMethodHandle$Holder.invokeStaticInit(java.lang.Object)'> (0x00000000ef1842c8) 
thrown [s\src\hotspot\share\interpreter\linkResolver.cpp, line 759]
Event: 14.094 Thread 0x00000216c9de4a70 Exception <a 'java/lang/NoSuchMethodError'{0x00000000eedc4198}: 'long java.lang.invoke.Invokers$Holder.invoke_MT(java.lang.Object, java.lang.Object, java.lang.Object, java.lang.Object)'> (0x00000000eedc4198) 
thrown [s\src\hotspot\share\interpreter\linkResolver.cpp, line 759]
Event: 14.095 Thread 0x00000216c9de4a70 Exception <a 'java/lang/NoSuchMethodError'{0x00000000eedcbf58}: 'int java.lang.invoke.Invokers$Holder.invoke_MT(java.lang.Object, java.lang.Object, java.lang.Object, java.lang.Object)'> (0x00000000eedcbf58) 
thrown [s\src\hotspot\share\interpreter\linkResolver.cpp, line 759]
Event: 14.095 Thread 0x00000216c9de4a70 Exception <a 'java/lang/NoSuchMethodError'{0x00000000eeddaa40}: 'void java.lang.invoke.DelegatingMethodHandle$Holder.reinvoke_L(java.lang.Object, java.lang.Object, java.lang.Object, long, java.lang.Object)'> (0x00000000eeddaa40) 
thrown [s\src\hotspot\share\interpreter\linkResolver.cpp, line 759]
Event: 14.096 Thread 0x00000216c9de4a70 Exception <a 'java/lang/NoSuchMethodError'{0x00000000eede1e38}: 'java.lang.Object java.lang.invoke.DirectMethodHandle$Holder.invokeSpecial(java.lang.Object, java.lang.Object, java.lang.Object, java.lang.Object, long)'> (0x00000000eede1e38) 
thrown [s\src\hotspot\share\interpreter\linkResolver.cpp, line 759]
Event: 14.096 Thread 0x00000216c9de4a70 Exception <a 'java/lang/NoSuchMethodError'{0x00000000eedf0f40}: 'int java.lang.invoke.DelegatingMethodHandle$Holder.reinvoke_L(java.lang.Object, java.lang.Object, java.lang.Object, long, java.lang.Object, java.lang.Object)'> (0x00000000eedf0f40) 
thrown [s\src\hotspot\share\interpreter\linkResolver.cpp, line 759]
Event: 14.096 Thread 0x00000216c9de4a70 Exception <a 'java/lang/NoSuchMethodError'{0x00000000eedff920}: 'int java.lang.invoke.DelegatingMethodHandle$Holder.reinvoke_L(java.lang.Object, java.lang.Object, java.lang.Object, long, int, int)'> (0x00000000eedff920) 
thrown [s\src\hotspot\share\interpreter\linkResolver.cpp, line 759]
Event: 14.097 Thread 0x00000216c9de4a70 Exception <a 'java/lang/NoSuchMethodError'{0x00000000eec0e320}: 'int java.lang.invoke.DelegatingMethodHandle$Holder.reinvoke_L(java.lang.Object, java.lang.Object, java.lang.Object, long, long, long)'> (0x00000000eec0e320) 
thrown [s\src\hotspot\share\interpreter\linkResolver.cpp, line 759]
Event: 14.097 Thread 0x00000216c9de4a70 Exception <a 'java/lang/NoSuchMethodError'{0x00000000eec1c790}: 'int java.lang.invoke.DelegatingMethodHandle$Holder.reinvoke_L(java.lang.Object, java.lang.Object, java.lang.Object, long, int)'> (0x00000000eec1c790) 
thrown [s\src\hotspot\share\interpreter\linkResolver.cpp, line 759]
Event: 14.350 Thread 0x00000216c9de4a70 Implicit null exception at 0x00000216ebbdb5b3 to 0x00000216ebbdb710
Event: 15.759 Thread 0x00000216c9de4a70 Exception <a 'java/lang/NoSuchMethodError'{0x00000000ecc9f178}: 'java.lang.Object java.lang.invoke.Invokers$Holder.invokeExact_MT(java.lang.Object, java.lang.Object, long, java.lang.Object)'> (0x00000000ecc9f178) 
thrown [s\src\hotspot\share\interpreter\linkResolver.cpp, line 759]
Event: 15.778 Thread 0x00000216c9de4a70 Exception <a 'java/lang/NoSuchMethodError'{0x00000000eca4f760}: 'int java.lang.invoke.DirectMethodHandle$Holder.invokeSpecial(java.lang.Object, java.lang.Object, int, int)'> (0x00000000eca4f760) 
thrown [s\src\hotspot\share\interpreter\linkResolver.cpp, line 759]
Event: 15.879 Thread 0x00000216c9de4a70 Implicit null exception at 0x00000216ebdf1ed0 to 0x00000216ebdf2034
Event: 15.905 Thread 0x00000216c9de4a70 Implicit null exception at 0x00000216eb96204c to 0x00000216eb962140
Event: 15.914 Thread 0x00000216c9de4a70 Implicit null exception at 0x00000216ebf09af6 to 0x00000216ebf0a53c
Event: 16.849 Thread 0x00000216c9de4a70 Implicit null exception at 0x00000216ebf5abb5 to 0x00000216ebf5b02c
Event: 16.849 Thread 0x00000216c9de4a70 Implicit null exception at 0x00000216ebf59f2f to 0x00000216ebf59f6c
Event: 17.132 Thread 0x00000216c9de4a70 Exception <a 'java/lang/NoSuchMethodError'{0x00000000f043f0f8}: 'java.lang.Object java.lang.invoke.DirectMethodHandle$Holder.invokeStatic(java.lang.Object, java.lang.Object, java.lang.Object, java.lang.Object, int)'> (0x00000000f043f0f8) 
thrown [s\src\hotspot\share\interpreter\linkResolver.cpp, line 759]

VM Operations (20 events):
Event: 16.992 Executing VM operation: HandshakeAllThreads
Event: 16.993 Executing VM operation: HandshakeAllThreads done
Event: 17.017 Executing VM operation: ICBufferFull
Event: 17.017 Executing VM operation: ICBufferFull done
Event: 17.023 Executing VM operation: HandshakeAllThreads
Event: 17.024 Executing VM operation: HandshakeAllThreads done
Event: 17.052 Executing VM operation: HandshakeAllThreads
Event: 17.052 Executing VM operation: HandshakeAllThreads done
Event: 17.083 Executing VM operation: HandshakeAllThreads
Event: 17.083 Executing VM operation: HandshakeAllThreads done
Event: 17.105 Executing VM operation: HandshakeAllThreads
Event: 17.105 Executing VM operation: HandshakeAllThreads done
Event: 17.154 Executing VM operation: HandshakeAllThreads
Event: 17.155 Executing VM operation: HandshakeAllThreads done
Event: 17.196 Executing VM operation: ICBufferFull
Event: 17.196 Executing VM operation: ICBufferFull done
Event: 17.308 Executing VM operation: ICBufferFull
Event: 17.309 Executing VM operation: ICBufferFull done
Event: 17.465 Executing VM operation: G1CollectForAllocation
Event: 17.474 Executing VM operation: G1CollectForAllocation done

Memory protections (0 events):
No events

Nmethod flushes (20 events):
Event: 17.047 Thread 0x00000216f7922d40 flushing  nmethod 0x00000216e5163210
Event: 17.047 Thread 0x00000216f7922d40 flushing  nmethod 0x00000216e5163690
Event: 17.047 Thread 0x00000216f7922d40 flushing  nmethod 0x00000216e5168490
Event: 17.047 Thread 0x00000216f7922d40 flushing  nmethod 0x00000216e516a590
Event: 17.047 Thread 0x00000216f7922d40 flushing  nmethod 0x00000216e516cd90
Event: 17.047 Thread 0x00000216f7922d40 flushing  nmethod 0x00000216e517c710
Event: 17.047 Thread 0x00000216f7922d40 flushing osr nmethod 0x00000216e517cb10
Event: 17.047 Thread 0x00000216f7922d40 flushing  nmethod 0x00000216e517ef90
Event: 17.047 Thread 0x00000216f7922d40 flushing  nmethod 0x00000216e519f210
Event: 17.047 Thread 0x00000216f7922d40 flushing  nmethod 0x00000216e51aeb90
Event: 17.047 Thread 0x00000216f7922d40 flushing  nmethod 0x00000216e51fe210
Event: 17.047 Thread 0x00000216f7922d40 flushing  nmethod 0x00000216e520d090
Event: 17.047 Thread 0x00000216f7922d40 flushing  nmethod 0x00000216e523a490
Event: 17.047 Thread 0x00000216f7922d40 flushing  nmethod 0x00000216e5242810
Event: 17.048 Thread 0x00000216f7922d40 flushing  nmethod 0x00000216e5381d10
Event: 17.048 Thread 0x00000216f7922d40 flushing  nmethod 0x00000216e53c2410
Event: 17.048 Thread 0x00000216f7922d40 flushing  nmethod 0x00000216e53dc690
Event: 17.048 Thread 0x00000216f7922d40 flushing  nmethod 0x00000216e540fa10
Event: 17.048 Thread 0x00000216f7922d40 flushing  nmethod 0x00000216e5415610
Event: 17.048 Thread 0x00000216f7922d40 flushing  nmethod 0x00000216e541eb10

Events (20 events):
Event: 12.622 Thread 0x00000216c3b97280 Thread added: 0x00000216c9ddfe80
Event: 12.622 Thread 0x00000216c3b97280 Thread added: 0x00000216c9de17d0
Event: 12.623 Thread 0x00000216c3b97280 Thread added: 0x00000216c9de2700
Event: 12.782 Thread 0x00000216c3b97280 Thread added: 0x00000216c9ddf970
Event: 12.782 Thread 0x00000216c3b97280 Thread added: 0x00000216c9de4050
Event: 12.783 Thread 0x00000216c3b97280 Thread added: 0x00000216c9de5eb0
Event: 12.783 Thread 0x00000216c3b97280 Thread added: 0x00000216c9de4560
Event: 12.783 Thread 0x00000216c3b97280 Thread added: 0x00000216c9de2c10
Event: 12.783 Thread 0x00000216c3b97280 Thread added: 0x00000216c9de63c0
Event: 12.784 Thread 0x00000216c3b97280 Thread added: 0x00000216c9de3630
Event: 13.411 Thread 0x00000216c3b97280 Thread added: 0x00000216c9de4f80
Event: 13.434 Thread 0x00000216c9de4f80 Thread added: 0x00000216c9de4a70
Event: 14.226 Thread 0x00000216fc5f5330 Thread exited: 0x00000216fc5f5330
Event: 14.442 Thread 0x00000216fc5f4de0 Thread exited: 0x00000216fc5f4de0
Event: 14.510 Thread 0x00000216f791dc90 Thread added: 0x00000216c2b00520
Event: 14.922 Thread 0x00000216c2b00520 Thread exited: 0x00000216c2b00520
Event: 15.173 Thread 0x00000216f791dc90 Thread added: 0x00000216c2b00520
Event: 15.610 Thread 0x00000216c2b00520 Thread exited: 0x00000216c2b00520
Event: 15.628 Thread 0x00000216f7911300 Thread added: 0x00000216c2b01510
Event: 15.805 Thread 0x00000216f791dc90 Thread added: 0x00000216c2b02fa0


Dynamic libraries:
0x00007ff6b4540000 - 0x00007ff6b454e000 	C:\Users\psgh\.gradle\jdks\eclipse_adoptium-17-amd64-windows.2\bin\java.exe
0x00007ffb10160000 - 0x00007ffb103c6000 	C:\WINDOWS\SYSTEM32\ntdll.dll
0x00007ffb0e690000 - 0x00007ffb0e759000 	C:\WINDOWS\System32\KERNEL32.DLL
0x00007ffb0d8c0000 - 0x00007ffb0dcba000 	C:\WINDOWS\System32\KERNELBASE.dll
0x00007ffb0d4d0000 - 0x00007ffb0d61c000 	C:\WINDOWS\System32\ucrtbase.dll
0x00007ffae6330000 - 0x00007ffae634e000 	C:\Users\psgh\.gradle\jdks\eclipse_adoptium-17-amd64-windows.2\bin\VCRUNTIME140.dll
0x00007ffae6720000 - 0x00007ffae6738000 	C:\Users\psgh\.gradle\jdks\eclipse_adoptium-17-amd64-windows.2\bin\jli.dll
0x00007ffb0e8e0000 - 0x00007ffb0eaa7000 	C:\WINDOWS\System32\USER32.dll
0x00007ffb0d4a0000 - 0x00007ffb0d4c7000 	C:\WINDOWS\System32\win32u.dll
0x00007ffb0dfc0000 - 0x00007ffb0dfeb000 	C:\WINDOWS\System32\GDI32.dll
0x00007ffae8240000 - 0x00007ffae84d2000 	C:\WINDOWS\WinSxS\amd64_microsoft.windows.common-controls_6595b64144ccf1df_6.0.26100.8521_none_3e08b75ce33403b3\COMCTL32.dll
0x00007ffb0d620000 - 0x00007ffb0d74b000 	C:\WINDOWS\System32\gdi32full.dll
0x00007ffb0f030000 - 0x00007ffb0f0d9000 	C:\WINDOWS\System32\msvcrt.dll
0x00007ffb0d3f0000 - 0x00007ffb0d493000 	C:\WINDOWS\System32\msvcp_win.dll
0x00007ffb0e370000 - 0x00007ffb0e3a2000 	C:\WINDOWS\System32\IMM32.DLL
0x00007ffaf70d0000 - 0x00007ffaf70dc000 	C:\Users\psgh\.gradle\jdks\eclipse_adoptium-17-amd64-windows.2\bin\vcruntime140_1.dll
0x00007ffaddf80000 - 0x00007ffade00d000 	C:\Users\psgh\.gradle\jdks\eclipse_adoptium-17-amd64-windows.2\bin\msvcp140.dll
0x00007ffa628e0000 - 0x00007ffa6354b000 	C:\Users\psgh\.gradle\jdks\eclipse_adoptium-17-amd64-windows.2\bin\server\jvm.dll
0x00007ffb0e0b0000 - 0x00007ffb0e166000 	C:\WINDOWS\System32\ADVAPI32.dll
0x00007ffb0f730000 - 0x00007ffb0f7da000 	C:\WINDOWS\System32\sechost.dll
0x00007ffb0e7c0000 - 0x00007ffb0e8d8000 	C:\WINDOWS\System32\RPCRT4.dll
0x00007ffb10090000 - 0x00007ffb10110000 	C:\WINDOWS\System32\WS2_32.dll
0x00007ffb0d250000 - 0x00007ffb0d2ae000 	C:\WINDOWS\SYSTEM32\POWRPROF.dll
0x00007ffaf3d60000 - 0x00007ffaf3d96000 	C:\WINDOWS\SYSTEM32\WINMM.dll
0x00007ffb078d0000 - 0x00007ffb078db000 	C:\WINDOWS\SYSTEM32\VERSION.dll
0x00007ffb0d230000 - 0x00007ffb0d244000 	C:\WINDOWS\SYSTEM32\UMPDC.dll
0x00007ffb0c140000 - 0x00007ffb0c15b000 	C:\WINDOWS\SYSTEM32\kernel.appcore.dll
0x00007ffaf59b0000 - 0x00007ffaf59ba000 	C:\Users\psgh\.gradle\jdks\eclipse_adoptium-17-amd64-windows.2\bin\jimage.dll
0x00007ffae47d0000 - 0x00007ffae4a12000 	C:\WINDOWS\SYSTEM32\DBGHELP.DLL
0x00007ffb0eca0000 - 0x00007ffb0f023000 	C:\WINDOWS\System32\combase.dll
0x00007ffb0ded0000 - 0x00007ffb0dfa9000 	C:\WINDOWS\System32\OLEAUT32.dll
0x00007ffaed8b0000 - 0x00007ffaed8eb000 	C:\WINDOWS\SYSTEM32\dbgcore.DLL
0x00007ffb0d810000 - 0x00007ffb0d8b8000 	C:\WINDOWS\System32\bcryptPrimitives.dll
0x00007ffaf2ca0000 - 0x00007ffaf2cae000 	C:\Users\psgh\.gradle\jdks\eclipse_adoptium-17-amd64-windows.2\bin\instrument.dll
0x00007ffae3c90000 - 0x00007ffae3cb5000 	C:\Users\psgh\.gradle\jdks\eclipse_adoptium-17-amd64-windows.2\bin\java.dll
0x00007ffadc8f0000 - 0x00007ffadc9c7000 	C:\Users\psgh\.gradle\jdks\eclipse_adoptium-17-amd64-windows.2\bin\jsvml.dll
0x00007ffb0f800000 - 0x00007ffb0ff84000 	C:\WINDOWS\System32\SHELL32.dll
0x00007ffb0af90000 - 0x00007ffb0b810000 	C:\WINDOWS\SYSTEM32\windows.storage.dll
0x00007ffb0f0e0000 - 0x00007ffb0f1d6000 	C:\WINDOWS\System32\SHCORE.dll
0x00007ffb0f670000 - 0x00007ffb0f6d7000 	C:\WINDOWS\System32\shlwapi.dll
0x00007ffb0d310000 - 0x00007ffb0d339000 	C:\WINDOWS\SYSTEM32\profapi.dll
0x00007ffae1820000 - 0x00007ffae1838000 	C:\Users\psgh\.gradle\jdks\eclipse_adoptium-17-amd64-windows.2\bin\zip.dll
0x00007ffae6280000 - 0x00007ffae629a000 	C:\Users\psgh\.gradle\jdks\eclipse_adoptium-17-amd64-windows.2\bin\net.dll
0x00007ffb07540000 - 0x00007ffb07669000 	C:\WINDOWS\SYSTEM32\WINHTTP.dll
0x00007ffb0c690000 - 0x00007ffb0c6fc000 	C:\WINDOWS\system32\mswsock.dll
0x00007ffae3c20000 - 0x00007ffae3c36000 	C:\Users\psgh\.gradle\jdks\eclipse_adoptium-17-amd64-windows.2\bin\nio.dll
0x00007ffaf2dd0000 - 0x00007ffaf2de0000 	C:\Users\psgh\.gradle\jdks\eclipse_adoptium-17-amd64-windows.2\bin\verify.dll
0x00007ffae1690000 - 0x00007ffae16b7000 	C:\Users\psgh\.gradle\native\c067742578af261105cb4f569cf0c3c89f3d7b1fecec35dd04571415982c5e48\windows-amd64\native-platform.dll
0x00007ffab5550000 - 0x00007ffab5694000 	C:\Users\psgh\.gradle\native\100fb08df4bc3b14c8652ba06237920a3bd2aa13389f12d3474272988ae205f9\windows-amd64\native-platform-file-events.dll
0x00007ffaf2d30000 - 0x00007ffaf2d3a000 	C:\Users\psgh\.gradle\jdks\eclipse_adoptium-17-amd64-windows.2\bin\management.dll
0x00007ffaf2cd0000 - 0x00007ffaf2cdc000 	C:\Users\psgh\.gradle\jdks\eclipse_adoptium-17-amd64-windows.2\bin\management_ext.dll
0x00007ffb0e360000 - 0x00007ffb0e368000 	C:\WINDOWS\System32\PSAPI.DLL
0x00007ffb0ca90000 - 0x00007ffb0caab000 	C:\WINDOWS\SYSTEM32\CRYPTSP.dll
0x00007ffb0c0a0000 - 0x00007ffb0c0d9000 	C:\WINDOWS\system32\rsaenh.dll
0x00007ffb0c740000 - 0x00007ffb0c773000 	C:\WINDOWS\SYSTEM32\USERENV.dll
0x00007ffb0d2e0000 - 0x00007ffb0d30a000 	C:\WINDOWS\SYSTEM32\bcrypt.dll
0x00007ffb0c8f0000 - 0x00007ffb0c8fc000 	C:\WINDOWS\SYSTEM32\CRYPTBASE.dll
0x00007ffb0bb20000 - 0x00007ffb0bb53000 	C:\WINDOWS\SYSTEM32\IPHLPAPI.DLL
0x00007ffb0ec90000 - 0x00007ffb0ec9a000 	C:\WINDOWS\System32\NSI.dll
0x00007ffb078b0000 - 0x00007ffb078cd000 	C:\WINDOWS\SYSTEM32\dhcpcsvc6.DLL
0x00007ffb076e0000 - 0x00007ffb07705000 	C:\WINDOWS\SYSTEM32\dhcpcsvc.DLL
0x00007ffb0bbb0000 - 0x00007ffb0bcfa000 	C:\WINDOWS\SYSTEM32\DNSAPI.dll
0x00007ffb0c4b0000 - 0x00007ffb0c4bd000 	C:\WINDOWS\SYSTEM32\DSPARSE.dll
0x00007ffaf2c00000 - 0x00007ffaf2c09000 	C:\Users\psgh\.gradle\jdks\eclipse_adoptium-17-amd64-windows.2\bin\extnet.dll
0x00007ffaee7c0000 - 0x00007ffaee7ce000 	C:\Users\psgh\.gradle\jdks\eclipse_adoptium-17-amd64-windows.2\bin\sunmscapi.dll
0x00007ffb0dd50000 - 0x00007ffb0dec8000 	C:\WINDOWS\System32\CRYPT32.dll
0x00007ffb0cbf0000 - 0x00007ffb0cc20000 	C:\WINDOWS\SYSTEM32\ncrypt.dll
0x00007ffb0cba0000 - 0x00007ffb0cbdf000 	C:\WINDOWS\SYSTEM32\NTASN1.dll
0x00007ffab44c0000 - 0x00007ffab44c8000 	C:\WINDOWS\system32\wshunix.dll
0x00007ffadb410000 - 0x00007ffadb428000 	C:\WINDOWS\system32\napinsp.dll
0x00007ffadb3f0000 - 0x00007ffadb403000 	C:\WINDOWS\System32\winrnr.dll
0x00007ffadb430000 - 0x00007ffadb452000 	C:\WINDOWS\system32\nlansp_c.dll
0x00007ffb078e0000 - 0x00007ffb078f6000 	C:\WINDOWS\system32\wshbth.dll
0x00007ffb02300000 - 0x00007ffb0230b000 	C:\Windows\System32\rasadhlp.dll
0x00007ffb06960000 - 0x00007ffb069e6000 	C:\WINDOWS\System32\fwpuclnt.dll

dbghelp: loaded successfully - version: 4.0.5 - missing functions: none
symbol engine: initialized successfully - sym options: 0x614 - pdb path: .;C:\Users\psgh\.gradle\jdks\eclipse_adoptium-17-amd64-windows.2\bin;C:\WINDOWS\SYSTEM32;C:\WINDOWS\WinSxS\amd64_microsoft.windows.common-controls_6595b64144ccf1df_6.0.26100.8521_none_3e08b75ce33403b3;C:\Users\psgh\.gradle\jdks\eclipse_adoptium-17-amd64-windows.2\bin\server;C:\Users\psgh\.gradle\native\c067742578af261105cb4f569cf0c3c89f3d7b1fecec35dd04571415982c5e48\windows-amd64;C:\Users\psgh\.gradle\native\100fb08df4bc3b14c8652ba06237920a3bd2aa13389f12d3474272988ae205f9\windows-amd64

VM Arguments:
jvm_args: --add-opens=java.base/java.lang=ALL-UNNAMED --add-opens=java.base/java.lang.invoke=ALL-UNNAMED --add-opens=java.base/java.util=ALL-UNNAMED --add-opens=java.prefs/java.util.prefs=ALL-UNNAMED --add-exports=jdk.compiler/com.sun.tools.javac.api=ALL-UNNAMED --add-exports=jdk.compiler/com.sun.tools.javac.util=ALL-UNNAMED --add-opens=java.base/java.util=ALL-UNNAMED --add-opens=java.prefs/java.util.prefs=ALL-UNNAMED --add-opens=java.base/java.nio.charset=ALL-UNNAMED --add-opens=java.base/java.net=ALL-UNNAMED --add-opens=java.base/java.util.concurrent.atomic=ALL-UNNAMED --add-opens=java.xml/javax.xml.namespace=ALL-UNNAMED -Xmx512m -Dfile.encoding=UTF-8 -Duser.country=IN -Duser.language=en -Duser.variant -javaagent:C:\Users\psgh\.gradle\wrapper\dists\gradle-8.11.1-all\2qik7nd48slq1ooc2496ixf4i\gradle-8.11.1\lib\agents\gradle-instrumentation-agent-8.11.1.jar 
java_command: org.gradle.launcher.daemon.bootstrap.GradleDaemon 8.11.1
java_class_path (initial): C:\Users\psgh\.gradle\wrapper\dists\gradle-8.11.1-all\2qik7nd48slq1ooc2496ixf4i\gradle-8.11.1\lib\gradle-daemon-main-8.11.1.jar
Launcher Type: SUN_STANDARD

[Global flags]
     intx CICompilerCount                          = 4                                         {product} {ergonomic}
     uint ConcGCThreads                            = 3                                         {product} {ergonomic}
     uint G1ConcRefinementThreads                  = 10                                        {product} {ergonomic}
   size_t G1HeapRegionSize                         = 1048576                                   {product} {ergonomic}
    uintx GCDrainStackTargetSize                   = 64                                        {product} {ergonomic}
   size_t InitialHeapSize                          = 266338304                                 {product} {ergonomic}
   size_t MarkStackSize                            = 4194304                                   {product} {ergonomic}
   size_t MaxHeapSize                              = 536870912                                 {product} {command line}
   size_t MaxNewSize                               = 321912832                                 {product} {ergonomic}
   size_t MinHeapDeltaBytes                        = 1048576                                   {product} {ergonomic}
   size_t MinHeapSize                              = 8388608                                   {product} {ergonomic}
    uintx NonNMethodCodeHeapSize                   = 5839372                                {pd product} {ergonomic}
    uintx NonProfiledCodeHeapSize                  = 122909434                              {pd product} {ergonomic}
    uintx ProfiledCodeHeapSize                     = 122909434                              {pd product} {ergonomic}
    uintx ReservedCodeCacheSize                    = 251658240                              {pd product} {ergonomic}
     bool SegmentedCodeCache                       = true                                      {product} {ergonomic}
   size_t SoftMaxHeapSize                          = 536870912                              {manageable} {ergonomic}
     bool UseCompressedClassPointers               = true                           {product lp64_product} {ergonomic}
     bool UseCompressedOops                        = true                           {product lp64_product} {ergonomic}
     bool UseG1GC                                  = true                                      {product} {ergonomic}
     bool UseLargePagesIndividualAllocation        = false                                  {pd product} {ergonomic}

Logging:
Log output configuration:
 #0: stdout all=warning uptime,level,tags
 #1: stderr all=off uptime,level,tags

Environment Variables:
JAVA_HOME=C:\Users\psgh\.gradle\jdks\eclipse_adoptium-17-amd64-windows.2
CLASSPATH=E:\CODETHRIVE\codethrive projects\FLEET-MANGEMENT-main\\gradle\wrapper\gradle-wrapper.jar
PATH=C:/Users/psgh/.gemini/antigravity-ide/bin;C:\app\psgh\product\21c\dbhomeXE\bin;C:\Python313\Scripts\;C:\Python313\;C:\ProgramData\Oracle\Java\javapath;C:\WINDOWS\system32;C:\WINDOWS;C:\WINDOWS\System32\Wbem;C:\WINDOWS\System32\WindowsPowerShell\v1.0\;C:\WINDOWS\System32\OpenSSH\;C:\ProgramData\chocolatey\bin;C:\Program Files\Git\cmd;C:\Program Files\nodejs\;C:\tools;C:\ngrok;C:\Program Files\GitHub CLI\;E:\instantclient;C:\app\psgh\product\21c\dbhomeXE\bin;C:\Python313\Scripts\;C:\Python313\;C:\ProgramData\Oracle\Java\javapath;C:\WINDOWS\system32;C:\WINDOWS;C:\WINDOWS\System32\Wbem;C:\WINDOWS\System32\WindowsPowerShell\v1.0\;C:\WINDOWS\System32\OpenSSH\;C:\ProgramData\chocolatey\bin;C:\Program Files\Git\cmd;C:\Program Files\nodejs\;C:\tools;C:\ngrok;C:\Program Files\GitHub CLI\;C:\tools;C:\Users\psgh\AppData\Local\Programs\Antigravity\bin;C:\Users\psgh\AppData\Local\GitHubDesktop\bin;C:\Users\psgh\AppData\Local\Programs\Antigravity IDE\bin
USERNAME=psgh
OS=Windows_NT
PROCESSOR_IDENTIFIER=Intel64 Family 6 Model 165 Stepping 3, GenuineIntel
TMP=C:\Users\psgh\AppData\Local\Temp
TEMP=C:\Users\psgh\AppData\Local\Temp



Periodic native trim disabled


---------------  S Y S T E M  ---------------

OS:
 Windows 11 , 64 bit Build 26100 (10.0.26100.8521)
OS uptime: 54 days 15:50 hours
Hyper-V role detected

CPU: total 12 (initial active 12) (6 cores per cpu, 2 threads per core) family 6 model 165 stepping 3 microcode 0x100, cx8, cmov, fxsr, ht, mmx, 3dnowpref, sse, sse2, sse3, ssse3, sse4.1, sse4.2, popcnt, lzcnt, tsc, tscinvbit, avx, avx2, aes, erms, clmul, bmi1, bmi2, adx, fma, vzeroupper, clflush, clflushopt, hv
Processor Information for all 12 processors :
  Max Mhz: 3101, Current Mhz: 3101, Mhz Limit: 3101

Memory: 4k page, system-wide physical 16131M (627M free)
TotalPageFile size 46539M (AvailPageFile size 26M)
current process WorkingSet (physical memory assigned to process): 643M, peak: 655M
current process commit charge ("private bytes"): 691M, peak: 703M

vm_info: OpenJDK 64-Bit Server VM (17.0.17+10) for windows-amd64 JRE (17.0.17+10), built on Oct 21 2025 23:25:32 by "admin" with unknown MS VC++:1942

END.
