#
# There is insufficient memory for the Java Runtime Environment to continue.
# Native memory allocation (malloc) failed to allocate 1575536 bytes. Error detail: Chunk::new
# Possible reasons:
#   The system is out of physical RAM or swap space
#   This process is running with CompressedOops enabled, and the Java Heap may be blocking the growth of the native heap
# Possible solutions:
#   Reduce memory load on the system
#   Increase physical memory or swap space
#   Check if swap backing store is full
#   Decrease Java heap size (-Xmx/-Xms)
#   Decrease number of Java threads
#   Decrease Java thread stack sizes (-Xss)
#   Set larger code cache with -XX:ReservedCodeCacheSize=
#   JVM is running with Unscaled Compressed Oops mode in which the Java heap is
#     placed in the first 4GB address space. The Java Heap base address is the
#     maximum limit for the native heap growth. Please use -XX:HeapBaseMinAddress
#     to set the Java Heap base and to place the Java Heap above 4GB virtual address.
# This output file may be truncated or incomplete.
#
#  Out of Memory Error (arena.cpp:168), pid=10796, tid=12660
#
# JRE version: OpenJDK Runtime Environment (21.0.10) (build 21.0.10+-14961533-b1163.108)
# Java VM: OpenJDK 64-Bit Server VM (21.0.10+-14961533-b1163.108, mixed mode, tiered, compressed oops, compressed class ptrs, g1 gc, windows-amd64)
# No core dump will be written. Minidumps are not enabled by default on client versions of Windows
#

---------------  S U M M A R Y ------------

Command Line: --add-opens=java.base/java.util=ALL-UNNAMED --add-opens=java.base/java.lang=ALL-UNNAMED --add-opens=java.base/java.lang.invoke=ALL-UNNAMED --add-opens=java.prefs/java.util.prefs=ALL-UNNAMED --add-exports=jdk.compiler/com.sun.tools.javac.api=ALL-UNNAMED --add-exports=jdk.compiler/com.sun.tools.javac.util=ALL-UNNAMED --add-opens=java.base/java.nio.charset=ALL-UNNAMED --add-opens=java.base/java.net=ALL-UNNAMED --add-opens=java.base/java.util.concurrent.atomic=ALL-UNNAMED -Xmx2048m -Dfile.encoding=UTF-8 -Duser.country=US -Duser.language=en -Duser.variant -javaagent:C:\Users\KIRUBAKARAN\.gradle\wrapper\dists\gradle-8.9-all\6m0mbzute7p0zdleavqlib88a\gradle-8.9\lib\agents\gradle-instrumentation-agent-8.9.jar org.gradle.launcher.daemon.bootstrap.GradleDaemon 8.9

Host: 11th Gen Intel(R) Core(TM) i5-11400H @ 2.70GHz, 12 cores, 7G,  Windows 11 , 64 bit Build 26100 (10.0.26100.8875)
Time: Wed Jul 29 19:24:30 2026 India Standard Time elapsed time: 32.099018 seconds (0d 0h 0m 32s)

---------------  T H R E A D  ---------------

Current thread (0x0000029e0585ef70):  JavaThread "C2 CompilerThread0" daemon [_thread_in_native, id=12660, stack(0x000000f401500000,0x000000f401600000) (1024K)]


Current CompileTask:
C2:32100 10441 %     4       org.gradle.internal.instantiation.generator.AbstractClassGenerator::inspectType @ 107 (560 bytes)

Stack: [0x000000f401500000,0x000000f401600000]
Native frames: (J=compiled Java code, j=interpreted, Vv=VM code, C=native code)
V  [jvm.dll+0x6d78a9]
V  [jvm.dll+0x8665b3]
V  [jvm.dll+0x868bde]
V  [jvm.dll+0x8692c3]
V  [jvm.dll+0x280ee6]
V  [jvm.dll+0xc07cd]
V  [jvm.dll+0xc0d03]
V  [jvm.dll+0x3ba091]
V  [jvm.dll+0x385df7]
V  [jvm.dll+0x38526a]
V  [jvm.dll+0x249bd2]
V  [jvm.dll+0x2491a1]
V  [jvm.dll+0x1c76e4]
V  [jvm.dll+0x25891e]
V  [jvm.dll+0x256e66]
V  [jvm.dll+0x3f513e]
V  [jvm.dll+0x80fd28]
V  [jvm.dll+0x6d60fd]
C  [ucrtbase.dll+0x2cd30]
C  [KERNEL32.DLL+0x2e957]
C  [ntdll.dll+0xaad6c]


---------------  P R O C E S S  ---------------

Threads class SMR info:
_java_thread_list=0x0000029e0fa189e0, length=67, elements={
0x0000029e6dae4d50, 0x0000029e0582c870, 0x0000029e058752c0, 0x0000029e05875930,
0x0000029e05876390, 0x0000029e05876df0, 0x0000029e05877850, 0x0000029e0585e1e0,
0x0000029e0585ef70, 0x0000029e05879ed0, 0x0000029e05b7fbb0, 0x0000029e0b7ef4c0,
0x0000029e0ad4a5d0, 0x0000029e0ae0fe90, 0x0000029e0b6f7c90, 0x0000029e05887610,
0x0000029e0bda78b0, 0x0000029e0af45320, 0x0000029e0bf0bda0, 0x0000029e0bf0a9f0,
0x0000029e0bf0cac0, 0x0000029e0bf0b710, 0x0000029e0bf0b080, 0x0000029e0bf0d150,
0x0000029e0bf0c430, 0x0000029e0bf0de70, 0x0000029e0d2a13d0, 0x0000029e0d29f990,
0x0000029e0d2a1a60, 0x0000029e0d29ec70, 0x0000029e0d29e5e0, 0x0000029e0d2a20f0,
0x0000029e0d2a5c00, 0x0000029e0af06860, 0x0000029e0af082a0, 0x0000029e0af07580,
0x0000029e0af06ef0, 0x0000029e0af08fc0, 0x0000029e0af05b40, 0x0000029e0af07c10,
0x0000029e0af08930, 0x0000029e0af09650, 0x0000029e0af061d0, 0x0000029e0af0d160,
0x0000029e0af09ce0, 0x0000029e0af0b720, 0x0000029e0af0a370, 0x0000029e0af0aa00,
0x0000029e0af0cad0, 0x0000029e0af0b090, 0x0000029e0af0bdb0, 0x0000029e0af0c440,
0x0000029e0c585770, 0x0000029e0c586490, 0x0000029e0c586b20, 0x0000029e0c5871b0,
0x0000029e0c587840, 0x0000029e0c587ed0, 0x0000029e0c588560, 0x0000029e0c588bf0,
0x0000029e0c585e00, 0x0000029e0e6e0310, 0x0000029e0e6e1d50, 0x0000029e0e6e23e0,
0x0000029e0e6e2a70, 0x0000029e0e6e51d0, 0x0000029e0d9854e0
}

Java Threads: ( => current thread )
  0x0000029e6dae4d50 JavaThread "main"                              [_thread_blocked, id=22900, stack(0x000000f400600000,0x000000f400700000) (1024K)]
  0x0000029e0582c870 JavaThread "Common-Cleaner"             daemon [_thread_blocked, id=12604, stack(0x000000f400e00000,0x000000f400f00000) (1024K)]
  0x0000029e058752c0 JavaThread "Reference Handler"          daemon [_thread_blocked, id=21932, stack(0x000000f400f00000,0x000000f401000000) (1024K)]
  0x0000029e05875930 JavaThread "Finalizer"                  daemon [_thread_blocked, id=20728, stack(0x000000f401000000,0x000000f401100000) (1024K)]
  0x0000029e05876390 JavaThread "Signal Dispatcher"          daemon [_thread_blocked, id=5092, stack(0x000000f401100000,0x000000f401200000) (1024K)]
  0x0000029e05876df0 JavaThread "Attach Listener"            daemon [_thread_blocked, id=23012, stack(0x000000f401200000,0x000000f401300000) (1024K)]
  0x0000029e05877850 JavaThread "Service Thread"             daemon [_thread_blocked, id=11364, stack(0x000000f401300000,0x000000f401400000) (1024K)]
  0x0000029e0585e1e0 JavaThread "Monitor Deflation Thread"   daemon [_thread_blocked, id=23544, stack(0x000000f401400000,0x000000f401500000) (1024K)]
=>0x0000029e0585ef70 JavaThread "C2 CompilerThread0"         daemon [_thread_in_native, id=12660, stack(0x000000f401500000,0x000000f401600000) (1024K)]
  0x0000029e05879ed0 JavaThread "C1 CompilerThread0"         daemon [_thread_blocked, id=23112, stack(0x000000f401600000,0x000000f401700000) (1024K)]
  0x0000029e05b7fbb0 JavaThread "Notification Thread"        daemon [_thread_blocked, id=23092, stack(0x000000f401700000,0x000000f401800000) (1024K)]
  0x0000029e0b7ef4c0 JavaThread "Daemon health stats"               [_thread_blocked, id=23564, stack(0x000000f401c00000,0x000000f401d00000) (1024K)]
  0x0000029e0ad4a5d0 JavaThread "Incoming local TCP Connector on port 56943"        [_thread_in_native, id=23568, stack(0x000000f401d00000,0x000000f401e00000) (1024K)]
  0x0000029e0ae0fe90 JavaThread "Daemon periodic checks"            [_thread_blocked, id=23572, stack(0x000000f401e00000,0x000000f401f00000) (1024K)]
  0x0000029e0b6f7c90 JavaThread "Daemon"                            [_thread_blocked, id=23580, stack(0x000000f401f00000,0x000000f402000000) (1024K)]
  0x0000029e05887610 JavaThread "Handler for socket connection from /127.0.0.1:56943 to /127.0.0.1:56944"        [_thread_in_native, id=23584, stack(0x000000f402000000,0x000000f402100000) (1024K)]
  0x0000029e0bda78b0 JavaThread "Cancel handler"                    [_thread_blocked, id=23596, stack(0x000000f402100000,0x000000f402200000) (1024K)]
  0x0000029e0af45320 JavaThread "Daemon worker"                     [_thread_in_native, id=23600, stack(0x000000f402200000,0x000000f402300000) (1024K)]
  0x0000029e0bf0bda0 JavaThread "Asynchronous log dispatcher for DefaultDaemonConnection: socket connection from /127.0.0.1:56943 to /127.0.0.1:56944"        [_thread_blocked, id=23604, stack(0x000000f402300000,0x000000f402400000) (1024K)]
  0x0000029e0bf0a9f0 JavaThread "Stdin handler"                     [_thread_blocked, id=23612, stack(0x000000f402500000,0x000000f402600000) (1024K)]
  0x0000029e0bf0cac0 JavaThread "Daemon client event forwarder"        [_thread_blocked, id=23616, stack(0x000000f402600000,0x000000f402700000) (1024K)]
  0x0000029e0bf0b710 JavaThread "Cache worker for journal cache (C:\Users\KIRUBAKARAN\.gradle\caches\journal-1)"        [_thread_blocked, id=23652, stack(0x000000f402e00000,0x000000f402f00000) (1024K)]
  0x0000029e0bf0b080 JavaThread "File lock request listener"        [_thread_in_native, id=23656, stack(0x000000f402f00000,0x000000f403000000) (1024K)]
  0x0000029e0bf0d150 JavaThread "Cache worker for file hash cache (C:\Users\KIRUBAKARAN\.gradle\caches\8.9\fileHashes)"        [_thread_blocked, id=23664, stack(0x000000f403000000,0x000000f403100000) (1024K)]
  0x0000029e0bf0c430 JavaThread "Cache worker for file hash cache (G:\jiju projects\VehicleTrackingApp-main\.gradle\8.9\fileHashes)"        [_thread_blocked, id=23692, stack(0x000000f403100000,0x000000f403200000) (1024K)]
  0x0000029e0bf0de70 JavaThread "Cache worker for Build Output Cleanup Cache (G:\jiju projects\VehicleTrackingApp-main\.gradle\buildOutputCleanup)"        [_thread_blocked, id=23696, stack(0x000000f403200000,0x000000f403300000) (1024K)]
  0x0000029e0d2a13d0 JavaThread "File watcher server"        daemon [_thread_in_native, id=23704, stack(0x000000f402400000,0x000000f402500000) (1024K)]
  0x0000029e0d29f990 JavaThread "File watcher consumer"      daemon [_thread_blocked, id=23708, stack(0x000000f403300000,0x000000f403400000) (1024K)]
  0x0000029e0d2a1a60 JavaThread "Cache worker for checksums cache (G:\jiju projects\VehicleTrackingApp-main\.gradle\8.9\checksums)"        [_thread_blocked, id=23740, stack(0x000000f403400000,0x000000f403500000) (1024K)]
  0x0000029e0d29ec70 JavaThread "Cache worker for file content cache (C:\Users\KIRUBAKARAN\.gradle\caches\8.9\fileContent)"        [_thread_blocked, id=23744, stack(0x000000f403500000,0x000000f403600000) (1024K)]
  0x0000029e0d29e5e0 JavaThread "Cache worker for cache directory md-rule (C:\Users\KIRUBAKARAN\.gradle\caches\8.9\md-rule)"        [_thread_blocked, id=23748, stack(0x000000f403600000,0x000000f403700000) (1024K)]
  0x0000029e0d2a20f0 JavaThread "Cache worker for cache directory md-supplier (C:\Users\KIRUBAKARAN\.gradle\caches\8.9\md-supplier)"        [_thread_blocked, id=23752, stack(0x000000f403700000,0x000000f403800000) (1024K)]
  0x0000029e0d2a5c00 JavaThread "Unconstrained build operations"        [_thread_blocked, id=24484, stack(0x000000f403800000,0x000000f403900000) (1024K)]
  0x0000029e0af06860 JavaThread "Unconstrained build operations Thread 2"        [_thread_blocked, id=24488, stack(0x000000f403900000,0x000000f403a00000) (1024K)]
  0x0000029e0af082a0 JavaThread "Unconstrained build operations Thread 3"        [_thread_blocked, id=24492, stack(0x000000f403a00000,0x000000f403b00000) (1024K)]
  0x0000029e0af07580 JavaThread "Unconstrained build operations Thread 4"        [_thread_blocked, id=24496, stack(0x000000f403b00000,0x000000f403c00000) (1024K)]
  0x0000029e0af06ef0 JavaThread "Unconstrained build operations Thread 5"        [_thread_blocked, id=24500, stack(0x000000f403c00000,0x000000f403d00000) (1024K)]
  0x0000029e0af08fc0 JavaThread "Unconstrained build operations Thread 6"        [_thread_blocked, id=24504, stack(0x000000f403d00000,0x000000f403e00000) (1024K)]
  0x0000029e0af05b40 JavaThread "Unconstrained build operations Thread 7"        [_thread_blocked, id=24508, stack(0x000000f403e00000,0x000000f403f00000) (1024K)]
  0x0000029e0af07c10 JavaThread "Unconstrained build operations Thread 8"        [_thread_blocked, id=24512, stack(0x000000f403f00000,0x000000f404000000) (1024K)]
  0x0000029e0af08930 JavaThread "Unconstrained build operations Thread 9"        [_thread_blocked, id=24516, stack(0x000000f404000000,0x000000f404100000) (1024K)]
  0x0000029e0af09650 JavaThread "Unconstrained build operations Thread 10"        [_thread_blocked, id=24520, stack(0x000000f404100000,0x000000f404200000) (1024K)]
  0x0000029e0af061d0 JavaThread "Unconstrained build operations Thread 11"        [_thread_blocked, id=24524, stack(0x000000f404200000,0x000000f404300000) (1024K)]
  0x0000029e0af0d160 JavaThread "Unconstrained build operations Thread 12"        [_thread_blocked, id=24528, stack(0x000000f404300000,0x000000f404400000) (1024K)]
  0x0000029e0af09ce0 JavaThread "Unconstrained build operations Thread 13"        [_thread_blocked, id=24532, stack(0x000000f404400000,0x000000f404500000) (1024K)]
  0x0000029e0af0b720 JavaThread "Unconstrained build operations Thread 14"        [_thread_blocked, id=24536, stack(0x000000f404500000,0x000000f404600000) (1024K)]
  0x0000029e0af0a370 JavaThread "Unconstrained build operations Thread 15"        [_thread_blocked, id=24540, stack(0x000000f404600000,0x000000f404700000) (1024K)]
  0x0000029e0af0aa00 JavaThread "Unconstrained build operations Thread 16"        [_thread_blocked, id=24544, stack(0x000000f404700000,0x000000f404800000) (1024K)]
  0x0000029e0af0cad0 JavaThread "Unconstrained build operations Thread 17"        [_thread_blocked, id=24548, stack(0x000000f404800000,0x000000f404900000) (1024K)]
  0x0000029e0af0b090 JavaThread "Unconstrained build operations Thread 18"        [_thread_blocked, id=24552, stack(0x000000f404900000,0x000000f404a00000) (1024K)]
  0x0000029e0af0bdb0 JavaThread "Unconstrained build operations Thread 19"        [_thread_blocked, id=24556, stack(0x000000f404a00000,0x000000f404b00000) (1024K)]
  0x0000029e0af0c440 JavaThread "Unconstrained build operations Thread 20"        [_thread_blocked, id=24560, stack(0x000000f404b00000,0x000000f404c00000) (1024K)]
  0x0000029e0c585770 JavaThread "Unconstrained build operations Thread 21"        [_thread_blocked, id=24564, stack(0x000000f404c00000,0x000000f404d00000) (1024K)]
  0x0000029e0c586490 JavaThread "Unconstrained build operations Thread 22"        [_thread_blocked, id=24568, stack(0x000000f404d00000,0x000000f404e00000) (1024K)]
  0x0000029e0c586b20 JavaThread "Unconstrained build operations Thread 23"        [_thread_blocked, id=24572, stack(0x000000f404e00000,0x000000f404f00000) (1024K)]
  0x0000029e0c5871b0 JavaThread "Unconstrained build operations Thread 24"        [_thread_blocked, id=4028, stack(0x000000f404f00000,0x000000f405000000) (1024K)]
  0x0000029e0c587840 JavaThread "Unconstrained build operations Thread 25"        [_thread_blocked, id=18780, stack(0x000000f405000000,0x000000f405100000) (1024K)]
  0x0000029e0c587ed0 JavaThread "Unconstrained build operations Thread 26"        [_thread_blocked, id=10032, stack(0x000000f405100000,0x000000f405200000) (1024K)]
  0x0000029e0c588560 JavaThread "Unconstrained build operations Thread 27"        [_thread_blocked, id=19964, stack(0x000000f405200000,0x000000f405300000) (1024K)]
  0x0000029e0c588bf0 JavaThread "Unconstrained build operations Thread 28"        [_thread_blocked, id=5712, stack(0x000000f405300000,0x000000f405400000) (1024K)]
  0x0000029e0c585e00 JavaThread "Unconstrained build operations Thread 29"        [_thread_blocked, id=6800, stack(0x000000f405400000,0x000000f405500000) (1024K)]
  0x0000029e0e6e0310 JavaThread "Unconstrained build operations Thread 30"        [_thread_blocked, id=2296, stack(0x000000f405500000,0x000000f405600000) (1024K)]
  0x0000029e0e6e1d50 JavaThread "Unconstrained build operations Thread 31"        [_thread_blocked, id=17160, stack(0x000000f405600000,0x000000f405700000) (1024K)]
  0x0000029e0e6e23e0 JavaThread "Unconstrained build operations Thread 32"        [_thread_blocked, id=4576, stack(0x000000f405700000,0x000000f405800000) (1024K)]
  0x0000029e0e6e2a70 JavaThread "Unconstrained build operations Thread 33"        [_thread_blocked, id=9312, stack(0x000000f405800000,0x000000f405900000) (1024K)]
  0x0000029e0e6e51d0 JavaThread "Memory manager"                    [_thread_blocked, id=11228, stack(0x000000f405900000,0x000000f405a00000) (1024K)]
  0x0000029e0d9854e0 JavaThread "build event listener"              [_thread_blocked, id=22316, stack(0x000000f405a00000,0x000000f405b00000) (1024K)]
Total: 67

Other Threads:
  0x0000029e056a6b20 VMThread "VM Thread"                           [id=21024, stack(0x000000f400d00000,0x000000f400e00000) (1024K)]
  0x0000029e056456b0 WatcherThread "VM Periodic Task Thread"        [id=5676, stack(0x000000f400c00000,0x000000f400d00000) (1024K)]
  0x0000029e6db401c0 WorkerThread "GC Thread#0"                     [id=23088, stack(0x000000f400700000,0x000000f400800000) (1024K)]
  0x0000029e0a391010 WorkerThread "GC Thread#1"                     [id=22852, stack(0x000000f401800000,0x000000f401900000) (1024K)]
  0x0000029e0a1a4950 WorkerThread "GC Thread#2"                     [id=17176, stack(0x000000f401900000,0x000000f401a00000) (1024K)]
  0x0000029e0ab7b0e0 WorkerThread "GC Thread#3"                     [id=5980, stack(0x000000f401a00000,0x000000f401b00000) (1024K)]
  0x0000029e0ab7bd00 WorkerThread "GC Thread#4"                     [id=18140, stack(0x000000f401b00000,0x000000f401c00000) (1024K)]
  0x0000029e0a0e7480 WorkerThread "GC Thread#5"                     [id=23620, stack(0x000000f402700000,0x000000f402800000) (1024K)]
  0x0000029e0a0e7830 WorkerThread "GC Thread#6"                     [id=23624, stack(0x000000f402800000,0x000000f402900000) (1024K)]
  0x0000029e0a0e70d0 WorkerThread "GC Thread#7"                     [id=23628, stack(0x000000f402900000,0x000000f402a00000) (1024K)]
  0x0000029e0a0e6210 WorkerThread "GC Thread#8"                     [id=23632, stack(0x000000f402a00000,0x000000f402b00000) (1024K)]
  0x0000029e0a0e65c0 WorkerThread "GC Thread#9"                     [id=23636, stack(0x000000f402b00000,0x000000f402c00000) (1024K)]
  0x0000029e6db510c0 ConcurrentGCThread "G1 Main Marker"            [id=22808, stack(0x000000f400800000,0x000000f400900000) (1024K)]
  0x0000029e6db51ae0 WorkerThread "G1 Conc#0"                       [id=10680, stack(0x000000f400900000,0x000000f400a00000) (1024K)]
  0x0000029e0a0e6970 WorkerThread "G1 Conc#1"                       [id=23640, stack(0x000000f402c00000,0x000000f402d00000) (1024K)]
  0x0000029e0a0e5e60 WorkerThread "G1 Conc#2"                       [id=23644, stack(0x000000f402d00000,0x000000f402e00000) (1024K)]
  0x0000029e05517000 ConcurrentGCThread "G1 Refine#0"               [id=2824, stack(0x000000f400a00000,0x000000f400b00000) (1024K)]
  0x0000029e055176a0 ConcurrentGCThread "G1 Service"                [id=22904, stack(0x000000f400b00000,0x000000f400c00000) (1024K)]
Total: 18

Threads with active compile tasks:
C2 CompilerThread0  32167 10441 %     4       org.gradle.internal.instantiation.generator.AbstractClassGenerator::inspectType @ 107 (560 bytes)
Total: 1

VM state: not at safepoint (normal execution)

VM Mutex/Monitor currently owned by a thread: None

Heap address: 0x0000000080000000, size: 2048 MB, Compressed Oops mode: 32-bit

CDS archive(s) not mapped
Compressed class space mapped at: 0x0000000100000000-0x0000000140000000, reserved size: 1073741824
Narrow klass base: 0x0000000000000000, Narrow klass shift: 3, Narrow klass range: 0x140000000

GC Precious Log:
 CardTable entry size: 512
 Card Set container configuration: InlinePtr #cards 5 size 8 Array Of Cards #cards 12 size 40 Howl #buckets 4 coarsen threshold 1843 Howl Bitmap #cards 512 size 80 coarsen threshold 460 Card regions per heap region 1 cards per card region 2048
 CPUs: 12 total, 12 available
 Memory: 7914M
 Large Page Support: Disabled
 NUMA Support: Disabled
 Compressed Oops: Enabled (32-bit)
 Heap Region Size: 1M
 Heap Min Capacity: 8M
 Heap Initial Capacity: 124M
 Heap Max Capacity: 2G
 Pre-touch: Disabled
 Parallel Workers: 10
 Concurrent Workers: 3
 Concurrent Refinement Workers: 10
 Periodic GC: Disabled

Heap:
 garbage-first heap   total 160768K, used 98015K [0x0000000080000000, 0x0000000100000000)
  region size 1024K, 6 young (6144K), 2 survivors (2048K)
 Metaspace       used 90599K, committed 92416K, reserved 1179648K
  class space    used 12471K, committed 13376K, reserved 1048576K

Heap Regions: E=young(eden), S=young(survivor), O=old, HS=humongous(starts), HC=humongous(continues), CS=collection set, F=free, TAMS=top-at-mark-start, PB=parsable bottom
|   0|0x0000000080000000, 0x0000000080100000, 0x0000000080100000|100%|HS|  |TAMS 0x0000000080000000| PB 0x0000000080000000| Complete 
|   1|0x0000000080100000, 0x0000000080200000, 0x0000000080200000|100%|HC|  |TAMS 0x0000000080100000| PB 0x0000000080100000| Complete 
|   2|0x0000000080200000, 0x0000000080300000, 0x0000000080300000|100%|HC|  |TAMS 0x0000000080200000| PB 0x0000000080200000| Complete 
|   3|0x0000000080300000, 0x0000000080400000, 0x0000000080400000|100%|HC|  |TAMS 0x0000000080300000| PB 0x0000000080300000| Complete 
|   4|0x0000000080400000, 0x0000000080500000, 0x0000000080500000|100%| O|  |TAMS 0x0000000080400000| PB 0x0000000080400000| Untracked 
|   5|0x0000000080500000, 0x0000000080600000, 0x0000000080600000|100%| O|  |TAMS 0x0000000080500000| PB 0x0000000080500000| Untracked 
|   6|0x0000000080600000, 0x0000000080700000, 0x0000000080700000|100%| O|  |TAMS 0x0000000080600000| PB 0x0000000080600000| Untracked 
|   7|0x0000000080700000, 0x0000000080800000, 0x0000000080800000|100%|HS|  |TAMS 0x0000000080700000| PB 0x0000000080700000| Complete 
|   8|0x0000000080800000, 0x0000000080900000, 0x0000000080900000|100%| O|  |TAMS 0x0000000080800000| PB 0x0000000080800000| Untracked 
|   9|0x0000000080900000, 0x0000000080a00000, 0x0000000080a00000|100%| O|  |TAMS 0x0000000080900000| PB 0x0000000080900000| Untracked 
|  10|0x0000000080a00000, 0x0000000080b00000, 0x0000000080b00000|100%| O|  |TAMS 0x0000000080a00000| PB 0x0000000080a00000| Untracked 
|  11|0x0000000080b00000, 0x0000000080c00000, 0x0000000080c00000|100%| O|  |TAMS 0x0000000080b00000| PB 0x0000000080b00000| Untracked 
|  12|0x0000000080c00000, 0x0000000080d00000, 0x0000000080d00000|100%| O|  |TAMS 0x0000000080c00000| PB 0x0000000080c00000| Untracked 
|  13|0x0000000080d00000, 0x0000000080e00000, 0x0000000080e00000|100%| O|  |TAMS 0x0000000080d00000| PB 0x0000000080d00000| Untracked 
|  14|0x0000000080e00000, 0x0000000080f00000, 0x0000000080f00000|100%| O|  |TAMS 0x0000000080e00000| PB 0x0000000080e00000| Untracked 
|  15|0x0000000080f00000, 0x0000000081000000, 0x0000000081000000|100%| O|  |TAMS 0x0000000080f00000| PB 0x0000000080f00000| Untracked 
|  16|0x0000000081000000, 0x0000000081100000, 0x0000000081100000|100%| O|  |TAMS 0x0000000081000000| PB 0x0000000081000000| Untracked 
|  17|0x0000000081100000, 0x0000000081200000, 0x0000000081200000|100%| O|  |TAMS 0x0000000081100000| PB 0x0000000081100000| Untracked 
|  18|0x0000000081200000, 0x0000000081300000, 0x0000000081300000|100%| O|  |TAMS 0x0000000081200000| PB 0x0000000081200000| Untracked 
|  19|0x0000000081300000, 0x0000000081400000, 0x0000000081400000|100%| O|  |TAMS 0x0000000081300000| PB 0x0000000081300000| Untracked 
|  20|0x0000000081400000, 0x0000000081500000, 0x0000000081500000|100%| O|  |TAMS 0x0000000081400000| PB 0x0000000081400000| Untracked 
|  21|0x0000000081500000, 0x0000000081600000, 0x0000000081600000|100%| O|  |TAMS 0x0000000081500000| PB 0x0000000081500000| Untracked 
|  22|0x0000000081600000, 0x0000000081700000, 0x0000000081700000|100%| O|  |TAMS 0x0000000081600000| PB 0x0000000081600000| Untracked 
|  23|0x0000000081700000, 0x0000000081800000, 0x0000000081800000|100%| O|  |TAMS 0x0000000081700000| PB 0x0000000081700000| Untracked 
|  24|0x0000000081800000, 0x0000000081900000, 0x0000000081900000|100%| O|  |TAMS 0x0000000081800000| PB 0x0000000081800000| Untracked 
|  25|0x0000000081900000, 0x0000000081a00000, 0x0000000081a00000|100%| O|Cm|TAMS 0x0000000081900000| PB 0x0000000081900000| Complete 
|  26|0x0000000081a00000, 0x0000000081b00000, 0x0000000081b00000|100%| O|  |TAMS 0x0000000081a00000| PB 0x0000000081a00000| Untracked 
|  27|0x0000000081b00000, 0x0000000081c00000, 0x0000000081c00000|100%| O|  |TAMS 0x0000000081b00000| PB 0x0000000081b00000| Untracked 
|  28|0x0000000081c00000, 0x0000000081d00000, 0x0000000081d00000|100%| O|  |TAMS 0x0000000081c00000| PB 0x0000000081c00000| Untracked 
|  29|0x0000000081d00000, 0x0000000081e00000, 0x0000000081e00000|100%| O|  |TAMS 0x0000000081d00000| PB 0x0000000081d00000| Untracked 
|  30|0x0000000081e00000, 0x0000000081f00000, 0x0000000081f00000|100%| O|  |TAMS 0x0000000081e00000| PB 0x0000000081e00000| Untracked 
|  31|0x0000000081f00000, 0x0000000082000000, 0x0000000082000000|100%| O|  |TAMS 0x0000000081f00000| PB 0x0000000081f00000| Untracked 
|  32|0x0000000082000000, 0x0000000082100000, 0x0000000082100000|100%| O|  |TAMS 0x0000000082000000| PB 0x0000000082000000| Untracked 
|  33|0x0000000082100000, 0x0000000082200000, 0x0000000082200000|100%| O|  |TAMS 0x0000000082100000| PB 0x0000000082100000| Untracked 
|  34|0x0000000082200000, 0x0000000082300000, 0x0000000082300000|100%| O|  |TAMS 0x0000000082200000| PB 0x0000000082200000| Untracked 
|  35|0x0000000082300000, 0x0000000082400000, 0x0000000082400000|100%| O|  |TAMS 0x0000000082300000| PB 0x0000000082300000| Untracked 
|  36|0x0000000082400000, 0x0000000082500000, 0x0000000082500000|100%|HS|  |TAMS 0x0000000082400000| PB 0x0000000082400000| Complete 
|  37|0x0000000082500000, 0x0000000082600000, 0x0000000082600000|100%|HS|  |TAMS 0x0000000082500000| PB 0x0000000082500000| Complete 
|  38|0x0000000082600000, 0x0000000082700000, 0x0000000082700000|100%|HS|  |TAMS 0x0000000082600000| PB 0x0000000082600000| Complete 
|  39|0x0000000082700000, 0x0000000082800000, 0x0000000082800000|100%|HC|  |TAMS 0x0000000082700000| PB 0x0000000082700000| Complete 
|  40|0x0000000082800000, 0x0000000082900000, 0x0000000082900000|100%|HS|  |TAMS 0x0000000082800000| PB 0x0000000082800000| Complete 
|  41|0x0000000082900000, 0x0000000082a00000, 0x0000000082a00000|100%|HS|  |TAMS 0x0000000082900000| PB 0x0000000082900000| Complete 
|  42|0x0000000082a00000, 0x0000000082b00000, 0x0000000082b00000|100%|HS|  |TAMS 0x0000000082a00000| PB 0x0000000082a00000| Complete 
|  43|0x0000000082b00000, 0x0000000082c00000, 0x0000000082c00000|100%|HC|  |TAMS 0x0000000082b00000| PB 0x0000000082b00000| Complete 
|  44|0x0000000082c00000, 0x0000000082d00000, 0x0000000082d00000|100%|HS|  |TAMS 0x0000000082c00000| PB 0x0000000082c00000| Complete 
|  45|0x0000000082d00000, 0x0000000082e00000, 0x0000000082e00000|100%|HS|  |TAMS 0x0000000082d00000| PB 0x0000000082d00000| Complete 
|  46|0x0000000082e00000, 0x0000000082f00000, 0x0000000082f00000|100%| O|  |TAMS 0x0000000082e00000| PB 0x0000000082e00000| Untracked 
|  47|0x0000000082f00000, 0x0000000083000000, 0x0000000083000000|100%| O|  |TAMS 0x0000000082f00000| PB 0x0000000082f00000| Untracked 
|  48|0x0000000083000000, 0x0000000083100000, 0x0000000083100000|100%| O|  |TAMS 0x0000000083000000| PB 0x0000000083000000| Untracked 
|  49|0x0000000083100000, 0x0000000083200000, 0x0000000083200000|100%|HS|  |TAMS 0x0000000083100000| PB 0x0000000083100000| Complete 
|  50|0x0000000083200000, 0x0000000083300000, 0x0000000083300000|100%|HC|  |TAMS 0x0000000083200000| PB 0x0000000083200000| Complete 
|  51|0x0000000083300000, 0x0000000083400000, 0x0000000083400000|100%|HC|  |TAMS 0x0000000083300000| PB 0x0000000083300000| Complete 
|  52|0x0000000083400000, 0x0000000083500000, 0x0000000083500000|100%|HC|  |TAMS 0x0000000083400000| PB 0x0000000083400000| Complete 
|  53|0x0000000083500000, 0x0000000083600000, 0x0000000083600000|100%| O|  |TAMS 0x0000000083500000| PB 0x0000000083500000| Untracked 
|  54|0x0000000083600000, 0x0000000083700000, 0x0000000083700000|100%| O|  |TAMS 0x0000000083600000| PB 0x0000000083600000| Untracked 
|  55|0x0000000083700000, 0x0000000083800000, 0x0000000083800000|100%| O|  |TAMS 0x0000000083700000| PB 0x0000000083700000| Untracked 
|  56|0x0000000083800000, 0x0000000083900000, 0x0000000083900000|100%| O|  |TAMS 0x0000000083800000| PB 0x0000000083800000| Untracked 
|  57|0x0000000083900000, 0x0000000083a00000, 0x0000000083a00000|100%| O|  |TAMS 0x0000000083900000| PB 0x0000000083900000| Untracked 
|  58|0x0000000083a00000, 0x0000000083b00000, 0x0000000083b00000|100%| O|  |TAMS 0x0000000083a00000| PB 0x0000000083a00000| Untracked 
|  59|0x0000000083b00000, 0x0000000083c00000, 0x0000000083c00000|100%| O|  |TAMS 0x0000000083b00000| PB 0x0000000083b00000| Untracked 
|  60|0x0000000083c00000, 0x0000000083d00000, 0x0000000083d00000|100%| O|  |TAMS 0x0000000083c00000| PB 0x0000000083c00000| Untracked 
|  61|0x0000000083d00000, 0x0000000083e00000, 0x0000000083e00000|100%| O|Cm|TAMS 0x0000000083d00000| PB 0x0000000083d00000| Complete 
|  62|0x0000000083e00000, 0x0000000083f00000, 0x0000000083f00000|100%|HS|  |TAMS 0x0000000083e00000| PB 0x0000000083e00000| Complete 
|  63|0x0000000083f00000, 0x0000000084000000, 0x0000000084000000|100%| O|  |TAMS 0x0000000083f00000| PB 0x0000000083f00000| Untracked 
|  64|0x0000000084000000, 0x0000000084100000, 0x0000000084100000|100%|HS|  |TAMS 0x0000000084000000| PB 0x0000000084000000| Complete 
|  65|0x0000000084100000, 0x0000000084200000, 0x0000000084200000|100%|HC|  |TAMS 0x0000000084100000| PB 0x0000000084100000| Complete 
|  66|0x0000000084200000, 0x0000000084300000, 0x0000000084300000|100%|HC|  |TAMS 0x0000000084200000| PB 0x0000000084200000| Complete 
|  67|0x0000000084300000, 0x0000000084400000, 0x0000000084400000|100%|HC|  |TAMS 0x0000000084300000| PB 0x0000000084300000| Complete 
|  68|0x0000000084400000, 0x0000000084500000, 0x0000000084500000|100%| O|  |TAMS 0x0000000084400000| PB 0x0000000084400000| Untracked 
|  69|0x0000000084500000, 0x0000000084600000, 0x0000000084600000|100%| O|  |TAMS 0x0000000084500000| PB 0x0000000084500000| Untracked 
|  70|0x0000000084600000, 0x0000000084700000, 0x0000000084700000|100%| O|  |TAMS 0x0000000084600000| PB 0x0000000084600000| Untracked 
|  71|0x0000000084700000, 0x0000000084800000, 0x0000000084800000|100%| O|  |TAMS 0x0000000084700000| PB 0x0000000084700000| Untracked 
|  72|0x0000000084800000, 0x0000000084800000, 0x0000000084900000|  0%| F|  |TAMS 0x0000000084800000| PB 0x0000000084800000| Untracked 
|  73|0x0000000084900000, 0x0000000084900000, 0x0000000084a00000|  0%| F|  |TAMS 0x0000000084900000| PB 0x0000000084900000| Untracked 
|  74|0x0000000084a00000, 0x0000000084a00000, 0x0000000084b00000|  0%| F|  |TAMS 0x0000000084a00000| PB 0x0000000084a00000| Untracked 
|  75|0x0000000084b00000, 0x0000000084b00000, 0x0000000084c00000|  0%| F|  |TAMS 0x0000000084b00000| PB 0x0000000084b00000| Untracked 
|  76|0x0000000084c00000, 0x0000000084c00000, 0x0000000084d00000|  0%| F|  |TAMS 0x0000000084c00000| PB 0x0000000084c00000| Untracked 
|  77|0x0000000084d00000, 0x0000000084d00000, 0x0000000084e00000|  0%| F|  |TAMS 0x0000000084d00000| PB 0x0000000084d00000| Untracked 
|  78|0x0000000084e00000, 0x0000000084f00000, 0x0000000084f00000|100%| O|  |TAMS 0x0000000084e00000| PB 0x0000000084e00000| Untracked 
|  79|0x0000000084f00000, 0x0000000085000000, 0x0000000085000000|100%| O|  |TAMS 0x0000000084f00000| PB 0x0000000084f00000| Untracked 
|  80|0x0000000085000000, 0x0000000085100000, 0x0000000085100000|100%| O|  |TAMS 0x0000000085000000| PB 0x0000000085000000| Untracked 
|  81|0x0000000085100000, 0x000000008510c320, 0x0000000085200000|  4%| O|  |TAMS 0x0000000085100000| PB 0x0000000085100000| Untracked 
|  82|0x0000000085200000, 0x0000000085200000, 0x0000000085300000|  0%| F|  |TAMS 0x0000000085200000| PB 0x0000000085200000| Untracked 
|  83|0x0000000085300000, 0x0000000085300000, 0x0000000085400000|  0%| F|  |TAMS 0x0000000085300000| PB 0x0000000085300000| Untracked 
|  84|0x0000000085400000, 0x00000000854abb38, 0x0000000085500000| 67%| S|CS|TAMS 0x0000000085400000| PB 0x0000000085400000| Complete 
|  85|0x0000000085500000, 0x0000000085600000, 0x0000000085600000|100%| S|CS|TAMS 0x0000000085500000| PB 0x0000000085500000| Complete 
|  86|0x0000000085600000, 0x0000000085600000, 0x0000000085700000|  0%| F|  |TAMS 0x0000000085600000| PB 0x0000000085600000| Untracked 
|  87|0x0000000085700000, 0x0000000085700000, 0x0000000085800000|  0%| F|  |TAMS 0x0000000085700000| PB 0x0000000085700000| Untracked 
|  88|0x0000000085800000, 0x0000000085800000, 0x0000000085900000|  0%| F|  |TAMS 0x0000000085800000| PB 0x0000000085800000| Untracked 
|  89|0x0000000085900000, 0x0000000085900000, 0x0000000085a00000|  0%| F|  |TAMS 0x0000000085900000| PB 0x0000000085900000| Untracked 
|  90|0x0000000085a00000, 0x0000000085a00000, 0x0000000085b00000|  0%| F|  |TAMS 0x0000000085a00000| PB 0x0000000085a00000| Untracked 
|  91|0x0000000085b00000, 0x0000000085b00000, 0x0000000085c00000|  0%| F|  |TAMS 0x0000000085b00000| PB 0x0000000085b00000| Untracked 
|  92|0x0000000085c00000, 0x0000000085c00000, 0x0000000085d00000|  0%| F|  |TAMS 0x0000000085c00000| PB 0x0000000085c00000| Untracked 
|  93|0x0000000085d00000, 0x0000000085d00000, 0x0000000085e00000|  0%| F|  |TAMS 0x0000000085d00000| PB 0x0000000085d00000| Untracked 
|  94|0x0000000085e00000, 0x0000000085e00000, 0x0000000085f00000|  0%| F|  |TAMS 0x0000000085e00000| PB 0x0000000085e00000| Untracked 
|  95|0x0000000085f00000, 0x0000000085f00000, 0x0000000086000000|  0%| F|  |TAMS 0x0000000085f00000| PB 0x0000000085f00000| Untracked 
|  96|0x0000000086000000, 0x0000000086000000, 0x0000000086100000|  0%| F|  |TAMS 0x0000000086000000| PB 0x0000000086000000| Untracked 
|  97|0x0000000086100000, 0x0000000086100000, 0x0000000086200000|  0%| F|  |TAMS 0x0000000086100000| PB 0x0000000086100000| Untracked 
|  98|0x0000000086200000, 0x0000000086200000, 0x0000000086300000|  0%| F|  |TAMS 0x0000000086200000| PB 0x0000000086200000| Untracked 
|  99|0x0000000086300000, 0x0000000086300000, 0x0000000086400000|  0%| F|  |TAMS 0x0000000086300000| PB 0x0000000086300000| Untracked 
| 100|0x0000000086400000, 0x0000000086400000, 0x0000000086500000|  0%| F|  |TAMS 0x0000000086400000| PB 0x0000000086400000| Untracked 
| 101|0x0000000086500000, 0x0000000086500000, 0x0000000086600000|  0%| F|  |TAMS 0x0000000086500000| PB 0x0000000086500000| Untracked 
| 102|0x0000000086600000, 0x0000000086600000, 0x0000000086700000|  0%| F|  |TAMS 0x0000000086600000| PB 0x0000000086600000| Untracked 
| 103|0x0000000086700000, 0x0000000086700000, 0x0000000086800000|  0%| F|  |TAMS 0x0000000086700000| PB 0x0000000086700000| Untracked 
| 104|0x0000000086800000, 0x0000000086800000, 0x0000000086900000|  0%| F|  |TAMS 0x0000000086800000| PB 0x0000000086800000| Untracked 
| 105|0x0000000086900000, 0x0000000086900000, 0x0000000086a00000|  0%| F|  |TAMS 0x0000000086900000| PB 0x0000000086900000| Untracked 
| 106|0x0000000086a00000, 0x0000000086a00000, 0x0000000086b00000|  0%| F|  |TAMS 0x0000000086a00000| PB 0x0000000086a00000| Untracked 
| 107|0x0000000086b00000, 0x0000000086b00000, 0x0000000086c00000|  0%| F|  |TAMS 0x0000000086b00000| PB 0x0000000086b00000| Untracked 
| 108|0x0000000086c00000, 0x0000000086c00000, 0x0000000086d00000|  0%| F|  |TAMS 0x0000000086c00000| PB 0x0000000086c00000| Untracked 
| 109|0x0000000086d00000, 0x0000000086d00000, 0x0000000086e00000|  0%| F|  |TAMS 0x0000000086d00000| PB 0x0000000086d00000| Untracked 
| 110|0x0000000086e00000, 0x0000000086e00000, 0x0000000086f00000|  0%| F|  |TAMS 0x0000000086e00000| PB 0x0000000086e00000| Untracked 
| 111|0x0000000086f00000, 0x0000000086f00000, 0x0000000087000000|  0%| F|  |TAMS 0x0000000086f00000| PB 0x0000000086f00000| Untracked 
| 112|0x0000000087000000, 0x0000000087000000, 0x0000000087100000|  0%| F|  |TAMS 0x0000000087000000| PB 0x0000000087000000| Untracked 
| 113|0x0000000087100000, 0x0000000087100000, 0x0000000087200000|  0%| F|  |TAMS 0x0000000087100000| PB 0x0000000087100000| Untracked 
| 114|0x0000000087200000, 0x0000000087200000, 0x0000000087300000|  0%| F|  |TAMS 0x0000000087200000| PB 0x0000000087200000| Untracked 
| 115|0x0000000087300000, 0x0000000087300000, 0x0000000087400000|  0%| F|  |TAMS 0x0000000087300000| PB 0x0000000087300000| Untracked 
| 116|0x0000000087400000, 0x0000000087400000, 0x0000000087500000|  0%| F|  |TAMS 0x0000000087400000| PB 0x0000000087400000| Untracked 
| 117|0x0000000087500000, 0x0000000087500000, 0x0000000087600000|  0%| F|  |TAMS 0x0000000087500000| PB 0x0000000087500000| Untracked 
| 118|0x0000000087600000, 0x0000000087600000, 0x0000000087700000|  0%| F|  |TAMS 0x0000000087600000| PB 0x0000000087600000| Untracked 
| 119|0x0000000087700000, 0x0000000087700000, 0x0000000087800000|  0%| F|  |TAMS 0x0000000087700000| PB 0x0000000087700000| Untracked 
| 120|0x0000000087800000, 0x0000000087800000, 0x0000000087900000|  0%| F|  |TAMS 0x0000000087800000| PB 0x0000000087800000| Untracked 
| 121|0x0000000087900000, 0x0000000087900000, 0x0000000087a00000|  0%| F|  |TAMS 0x0000000087900000| PB 0x0000000087900000| Untracked 
| 122|0x0000000087a00000, 0x0000000087a00000, 0x0000000087b00000|  0%| F|  |TAMS 0x0000000087a00000| PB 0x0000000087a00000| Untracked 
| 123|0x0000000087b00000, 0x0000000087b00000, 0x0000000087c00000|  0%| F|  |TAMS 0x0000000087b00000| PB 0x0000000087b00000| Untracked 
| 124|0x0000000087c00000, 0x0000000087c00000, 0x0000000087d00000|  0%| F|  |TAMS 0x0000000087c00000| PB 0x0000000087c00000| Untracked 
| 125|0x0000000087d00000, 0x0000000087d00000, 0x0000000087e00000|  0%| F|  |TAMS 0x0000000087d00000| PB 0x0000000087d00000| Untracked 
| 126|0x0000000087e00000, 0x0000000087e00000, 0x0000000087f00000|  0%| F|  |TAMS 0x0000000087e00000| PB 0x0000000087e00000| Untracked 
| 127|0x0000000087f00000, 0x0000000087f00000, 0x0000000088000000|  0%| F|  |TAMS 0x0000000087f00000| PB 0x0000000087f00000| Untracked 
| 128|0x0000000088000000, 0x0000000088000000, 0x0000000088100000|  0%| F|  |TAMS 0x0000000088000000| PB 0x0000000088000000| Untracked 
| 129|0x0000000088100000, 0x0000000088100000, 0x0000000088200000|  0%| F|  |TAMS 0x0000000088100000| PB 0x0000000088100000| Untracked 
| 130|0x0000000088200000, 0x0000000088200000, 0x0000000088300000|  0%| F|  |TAMS 0x0000000088200000| PB 0x0000000088200000| Untracked 
| 131|0x0000000088300000, 0x0000000088300000, 0x0000000088400000|  0%| F|  |TAMS 0x0000000088300000| PB 0x0000000088300000| Untracked 
| 132|0x0000000088400000, 0x0000000088400000, 0x0000000088500000|  0%| F|  |TAMS 0x0000000088400000| PB 0x0000000088400000| Untracked 
| 133|0x0000000088500000, 0x0000000088500000, 0x0000000088600000|  0%| F|  |TAMS 0x0000000088500000| PB 0x0000000088500000| Untracked 
| 134|0x0000000088600000, 0x0000000088600000, 0x0000000088700000|  0%| F|  |TAMS 0x0000000088600000| PB 0x0000000088600000| Untracked 
| 135|0x0000000088700000, 0x0000000088700000, 0x0000000088800000|  0%| F|  |TAMS 0x0000000088700000| PB 0x0000000088700000| Untracked 
| 136|0x0000000088800000, 0x0000000088800000, 0x0000000088900000|  0%| F|  |TAMS 0x0000000088800000| PB 0x0000000088800000| Untracked 
| 137|0x0000000088900000, 0x0000000088a00000, 0x0000000088a00000|100%| E|  |TAMS 0x0000000088900000| PB 0x0000000088900000| Complete 
| 138|0x0000000088a00000, 0x0000000088b00000, 0x0000000088b00000|100%| E|CS|TAMS 0x0000000088a00000| PB 0x0000000088a00000| Complete 
|2030|0x00000000fee00000, 0x00000000fef00000, 0x00000000fef00000|100%| O|  |TAMS 0x00000000fee00000| PB 0x00000000fee00000| Untracked 
|2031|0x00000000fef00000, 0x00000000ff000000, 0x00000000ff000000|100%| O|  |TAMS 0x00000000fef00000| PB 0x00000000fef00000| Untracked 
|2032|0x00000000ff000000, 0x00000000ff100000, 0x00000000ff100000|100%| O|  |TAMS 0x00000000ff000000| PB 0x00000000ff000000| Untracked 
|2033|0x00000000ff100000, 0x00000000ff200000, 0x00000000ff200000|100%| O|  |TAMS 0x00000000ff100000| PB 0x00000000ff100000| Untracked 
|2034|0x00000000ff200000, 0x00000000ff300000, 0x00000000ff300000|100%| O|  |TAMS 0x00000000ff200000| PB 0x00000000ff200000| Untracked 
|2035|0x00000000ff300000, 0x00000000ff400000, 0x00000000ff400000|100%| O|  |TAMS 0x00000000ff300000| PB 0x00000000ff300000| Untracked 
|2036|0x00000000ff400000, 0x00000000ff500000, 0x00000000ff500000|100%| O|  |TAMS 0x00000000ff400000| PB 0x00000000ff400000| Untracked 
|2037|0x00000000ff500000, 0x00000000ff600000, 0x00000000ff600000|100%| E|CS|TAMS 0x00000000ff500000| PB 0x00000000ff500000| Complete 
|2038|0x00000000ff600000, 0x00000000ff700000, 0x00000000ff700000|100%| E|CS|TAMS 0x00000000ff600000| PB 0x00000000ff600000| Complete 
|2039|0x00000000ff700000, 0x00000000ff800000, 0x00000000ff800000|100%| O|  |TAMS 0x00000000ff700000| PB 0x00000000ff700000| Untracked 
|2040|0x00000000ff800000, 0x00000000ff900000, 0x00000000ff900000|100%| O|  |TAMS 0x00000000ff800000| PB 0x00000000ff800000| Untracked 
|2041|0x00000000ff900000, 0x00000000ffa00000, 0x00000000ffa00000|100%| O|  |TAMS 0x00000000ff900000| PB 0x00000000ff900000| Untracked 
|2042|0x00000000ffa00000, 0x00000000ffb00000, 0x00000000ffb00000|100%| O|  |TAMS 0x00000000ffa00000| PB 0x00000000ffa00000| Untracked 
|2043|0x00000000ffb00000, 0x00000000ffc00000, 0x00000000ffc00000|100%| O|  |TAMS 0x00000000ffb00000| PB 0x00000000ffb00000| Untracked 
|2044|0x00000000ffc00000, 0x00000000ffd00000, 0x00000000ffd00000|100%| O|  |TAMS 0x00000000ffc00000| PB 0x00000000ffc00000| Untracked 
|2045|0x00000000ffd00000, 0x00000000ffe00000, 0x00000000ffe00000|100%| O|  |TAMS 0x00000000ffd00000| PB 0x00000000ffd00000| Untracked 
|2046|0x00000000ffe00000, 0x00000000fff00000, 0x00000000fff00000|100%| O|  |TAMS 0x00000000ffe00000| PB 0x00000000ffe00000| Untracked 
|2047|0x00000000fff00000, 0x0000000100000000, 0x0000000100000000|100%| O|  |TAMS 0x00000000fff00000| PB 0x00000000fff00000| Untracked 

Card table byte_map: [0x0000029e00620000,0x0000029e00a20000] _byte_map_base: 0x0000029e00220000

Marking Bits: (CMBitMap*) 0x0000029e6db407e0
 Bits: [0x0000029e00a20000, 0x0000029e02a20000)

Polling page: 0x0000029e6b8d0000

Metaspace:

Usage:
  Non-class:     76.31 MB used.
      Class:     12.18 MB used.
       Both:     88.49 MB used.

Virtual space:
  Non-class space:      128.00 MB reserved,      77.19 MB ( 60%) committed,  2 nodes.
      Class space:        1.00 GB reserved,      13.06 MB (  1%) committed,  1 nodes.
             Both:        1.12 GB reserved,      90.25 MB (  8%) committed. 

Chunk freelists:
   Non-Class:  2.39 MB
       Class:  2.92 MB
        Both:  5.31 MB

MaxMetaspaceSize: unlimited
CompressedClassSpaceSize: 1.00 GB
Initial GC threshold: 21.00 MB
Current GC threshold: 149.94 MB
CDS: off
 - commit_granule_bytes: 65536.
 - commit_granule_words: 8192.
 - virtual_space_node_default_size: 8388608.
 - enlarge_chunks_in_place: 1.
 - use_allocation_guard: 0.


Internal statistics:

num_allocs_failed_limit: 12.
num_arena_births: 3464.
num_arena_deaths: 0.
num_vsnodes_births: 3.
num_vsnodes_deaths: 0.
num_space_committed: 1444.
num_space_uncommitted: 0.
num_chunks_returned_to_freelist: 12.
num_chunks_taken_from_freelist: 7065.
num_chunk_merges: 12.
num_chunk_splits: 4681.
num_chunks_enlarged: 3006.
num_inconsistent_stats: 0.

CodeHeap 'non-profiled nmethods': size=120000Kb used=4485Kb max_used=4837Kb free=115514Kb
 bounds [0x0000029e78710000, 0x0000029e78bd0000, 0x0000029e7fc40000]
CodeHeap 'profiled nmethods': size=120000Kb used=16024Kb max_used=16569Kb free=103975Kb
 bounds [0x0000029e70c40000, 0x0000029e71c70000, 0x0000029e78170000]
CodeHeap 'non-nmethods': size=5760Kb used=2108Kb max_used=2128Kb free=3651Kb
 bounds [0x0000029e78170000, 0x0000029e783e0000, 0x0000029e78710000]
CodeCache: size=245760Kb, used=22617Kb, max_used=23534Kb, free=223140Kb
 total_blobs=9554, nmethods=8748, adapters=710, full_count=0
Compilation: enabled, stopped_count=0, restarted_count=0

Compilation events (20 events):
Event: 31.526 Thread 0x0000029e05879ed0 10455       3       org.gradle.internal.instantiation.generator.AbstractClassGenerator::isRoleType (49 bytes)
Event: 31.528 Thread 0x0000029e05879ed0 nmethod 10455 0x0000029e71c68e90 code [0x0000029e71c69200, 0x0000029e71c6a878]
Event: 31.598 Thread 0x0000029e05879ed0 10456       3       org.gradle.api.internal.DefaultNamedDomainObjectCollection::hasWithName (32 bytes)
Event: 31.598 Thread 0x0000029e05879ed0 nmethod 10456 0x0000029e71c6b010 code [0x0000029e71c6b1e0, 0x0000029e71c6b500]
Event: 31.600 Thread 0x0000029e05879ed0 10457       1       com.google.common.collect.SingletonImmutableBiMap::size (2 bytes)
Event: 31.601 Thread 0x0000029e05879ed0 nmethod 10457 0x0000029e78bc9010 code [0x0000029e78bc91a0, 0x0000029e78bc9268]
Event: 31.601 Thread 0x0000029e05879ed0 10458       3       org.gradle.api.internal.artifacts.configurations.DefaultUnlockedConfiguration_Decorated::getAttributes (39 bytes)
Event: 31.601 Thread 0x0000029e05879ed0 nmethod 10458 0x0000029e71c6b610 code [0x0000029e71c6b7e0, 0x0000029e71c6bb98]
Event: 31.605 Thread 0x0000029e05879ed0 10459       3       kotlin.collections.CollectionsKt__IterablesKt::collectionSizeOrDefault (27 bytes)
Event: 31.606 Thread 0x0000029e05879ed0 nmethod 10459 0x0000029e71c6bc90 code [0x0000029e71c6bee0, 0x0000029e71c6c778]
Event: 31.609 Thread 0x0000029e05879ed0 10460       1       org.gradle.internal.typeconversion.NotationConverterToNotationParserAdapter$ResultImpl::hasResult (5 bytes)
Event: 31.609 Thread 0x0000029e05879ed0 nmethod 10460 0x0000029e78bc9310 code [0x0000029e78bc94a0, 0x0000029e78bc9570]
Event: 31.610 Thread 0x0000029e05879ed0 10461       3       org.gradle.api.internal.model.DefaultObjectFactory::named (10 bytes)
Event: 31.611 Thread 0x0000029e05879ed0 nmethod 10461 0x0000029e71c6ca10 code [0x0000029e71c6cbc0, 0x0000029e71c6cd18]
Event: 31.611 Thread 0x0000029e05879ed0 10462       3       org.gradle.api.internal.tasks.DefaultTaskDependency::<init> (16 bytes)
Event: 31.611 Thread 0x0000029e05879ed0 nmethod 10462 0x0000029e71c6ce10 code [0x0000029e71c6cfc0, 0x0000029e71c6d2c8]
Event: 31.611 Thread 0x0000029e05879ed0 10463       3       org.gradle.api.internal.tasks.AbstractTaskDependency::<init> (15 bytes)
Event: 31.611 Thread 0x0000029e05879ed0 nmethod 10463 0x0000029e71c6d410 code [0x0000029e71c6d5c0, 0x0000029e71c6d7b8]
Event: 31.615 Thread 0x0000029e05879ed0 10464   !   3       kotlin.SynchronizedLazyImpl::getValue (92 bytes)
Event: 31.616 Thread 0x0000029e05879ed0 nmethod 10464 0x0000029e71c6d890 code [0x0000029e71c6dae0, 0x0000029e71c6e370]

GC Heap History (20 events):
Event: 20.429 GC heap before
{Heap before GC invocations=18 (full 0):
 garbage-first heap   total 104448K, used 92071K [0x0000000080000000, 0x0000000100000000)
  region size 1024K, 46 young (47104K), 3 survivors (3072K)
 Metaspace       used 64279K, committed 65728K, reserved 1114112K
  class space    used 8979K, committed 9664K, reserved 1048576K
}
Event: 20.435 GC heap after
{Heap after GC invocations=19 (full 0):
 garbage-first heap   total 104448K, used 50125K [0x0000000080000000, 0x0000000100000000)
  region size 1024K, 4 young (4096K), 4 survivors (4096K)
 Metaspace       used 64279K, committed 65728K, reserved 1114112K
  class space    used 8979K, committed 9664K, reserved 1048576K
}
Event: 21.701 GC heap before
{Heap before GC invocations=20 (full 0):
 garbage-first heap   total 104448K, used 102349K [0x0000000080000000, 0x0000000100000000)
  region size 1024K, 45 young (46080K), 4 survivors (4096K)
 Metaspace       used 65068K, committed 66496K, reserved 1114112K
  class space    used 9087K, committed 9792K, reserved 1048576K
}
Event: 21.726 GC heap after
{Heap after GC invocations=21 (full 0):
 garbage-first heap   total 115712K, used 68434K [0x0000000080000000, 0x0000000100000000)
  region size 1024K, 6 young (6144K), 6 survivors (6144K)
 Metaspace       used 65068K, committed 66496K, reserved 1114112K
  class space    used 9087K, committed 9792K, reserved 1048576K
}
Event: 23.285 GC heap before
{Heap before GC invocations=21 (full 0):
 garbage-first heap   total 115712K, used 105298K [0x0000000080000000, 0x0000000100000000)
  region size 1024K, 39 young (39936K), 6 survivors (6144K)
 Metaspace       used 68048K, committed 69568K, reserved 1114112K
  class space    used 9504K, committed 10240K, reserved 1048576K
}
Event: 23.294 GC heap after
{Heap after GC invocations=22 (full 0):
 garbage-first heap   total 117760K, used 74452K [0x0000000080000000, 0x0000000100000000)
  region size 1024K, 3 young (3072K), 3 survivors (3072K)
 Metaspace       used 68048K, committed 69568K, reserved 1114112K
  class space    used 9504K, committed 10240K, reserved 1048576K
}
Event: 24.327 GC heap before
{Heap before GC invocations=22 (full 0):
 garbage-first heap   total 117760K, used 104148K [0x0000000080000000, 0x0000000100000000)
  region size 1024K, 33 young (33792K), 3 survivors (3072K)
 Metaspace       used 71977K, committed 73536K, reserved 1114112K
  class space    used 9877K, committed 10624K, reserved 1048576K
}
Event: 24.333 GC heap after
{Heap after GC invocations=23 (full 0):
 garbage-first heap   total 117760K, used 75078K [0x0000000080000000, 0x0000000100000000)
  region size 1024K, 3 young (3072K), 3 survivors (3072K)
 Metaspace       used 71977K, committed 73536K, reserved 1114112K
  class space    used 9877K, committed 10624K, reserved 1048576K
}
Event: 25.243 GC heap before
{Heap before GC invocations=24 (full 0):
 garbage-first heap   total 126976K, used 105798K [0x0000000080000000, 0x0000000100000000)
  region size 1024K, 34 young (34816K), 3 survivors (3072K)
 Metaspace       used 75210K, committed 76864K, reserved 1179648K
  class space    used 10388K, committed 11200K, reserved 1048576K
}
Event: 25.248 GC heap after
{Heap after GC invocations=25 (full 0):
 garbage-first heap   total 126976K, used 77238K [0x0000000080000000, 0x0000000100000000)
  region size 1024K, 3 young (3072K), 3 survivors (3072K)
 Metaspace       used 75210K, committed 76864K, reserved 1179648K
  class space    used 10388K, committed 11200K, reserved 1048576K
}
Event: 26.167 GC heap before
{Heap before GC invocations=25 (full 0):
 garbage-first heap   total 126976K, used 121270K [0x0000000080000000, 0x0000000100000000)
  region size 1024K, 41 young (41984K), 3 survivors (3072K)
 Metaspace       used 78493K, committed 80192K, reserved 1179648K
  class space    used 10814K, committed 11648K, reserved 1048576K
}
Event: 26.174 GC heap after
{Heap after GC invocations=26 (full 0):
 garbage-first heap   total 130048K, used 81441K [0x0000000080000000, 0x0000000100000000)
  region size 1024K, 6 young (6144K), 6 survivors (6144K)
 Metaspace       used 78493K, committed 80192K, reserved 1179648K
  class space    used 10814K, committed 11648K, reserved 1048576K
}
Event: 27.340 GC heap before
{Heap before GC invocations=26 (full 0):
 garbage-first heap   total 130048K, used 118305K [0x0000000080000000, 0x0000000100000000)
  region size 1024K, 42 young (43008K), 6 survivors (6144K)
 Metaspace       used 82586K, committed 84352K, reserved 1179648K
  class space    used 11347K, committed 12224K, reserved 1048576K
}
Event: 27.357 GC heap after
{Heap after GC invocations=27 (full 0):
 garbage-first heap   total 130048K, used 84272K [0x0000000080000000, 0x0000000100000000)
  region size 1024K, 3 young (3072K), 3 survivors (3072K)
 Metaspace       used 82586K, committed 84352K, reserved 1179648K
  class space    used 11347K, committed 12224K, reserved 1048576K
}
Event: 29.311 GC heap before
{Heap before GC invocations=28 (full 0):
 garbage-first heap   total 142336K, used 123184K [0x0000000080000000, 0x0000000100000000)
  region size 1024K, 37 young (37888K), 3 survivors (3072K)
 Metaspace       used 85730K, committed 87488K, reserved 1179648K
  class space    used 11794K, committed 12672K, reserved 1048576K
}
Event: 29.317 GC heap after
{Heap after GC invocations=29 (full 0):
 garbage-first heap   total 142336K, used 90666K [0x0000000080000000, 0x0000000100000000)
  region size 1024K, 5 young (5120K), 5 survivors (5120K)
 Metaspace       used 85730K, committed 87488K, reserved 1179648K
  class space    used 11794K, committed 12672K, reserved 1048576K
}
Event: 30.570 GC heap before
{Heap before GC invocations=29 (full 0):
 garbage-first heap   total 142336K, used 131626K [0x0000000080000000, 0x0000000100000000)
  region size 1024K, 45 young (46080K), 5 survivors (5120K)
 Metaspace       used 87337K, committed 89088K, reserved 1179648K
  class space    used 12015K, committed 12864K, reserved 1048576K
}
Event: 30.581 GC heap after
{Heap after GC invocations=30 (full 0):
 garbage-first heap   total 142336K, used 93315K [0x0000000080000000, 0x0000000100000000)
  region size 1024K, 6 young (6144K), 6 survivors (6144K)
 Metaspace       used 87337K, committed 89088K, reserved 1179648K
  class space    used 12015K, committed 12864K, reserved 1048576K
}
Event: 31.661 GC heap before
{Heap before GC invocations=30 (full 0):
 garbage-first heap   total 142336K, used 131203K [0x0000000080000000, 0x0000000100000000)
  region size 1024K, 43 young (44032K), 6 survivors (6144K)
 Metaspace       used 90296K, committed 92096K, reserved 1179648K
  class space    used 12422K, committed 13312K, reserved 1048576K
}
Event: 31.668 GC heap after
{Heap after GC invocations=31 (full 0):
 garbage-first heap   total 142336K, used 94943K [0x0000000080000000, 0x0000000100000000)
  region size 1024K, 2 young (2048K), 2 survivors (2048K)
 Metaspace       used 90296K, committed 92096K, reserved 1179648K
  class space    used 12422K, committed 13312K, reserved 1048576K
}

Dll operation events (3 events):
Event: 0.025 Loaded shared library C:\Program Files\Android\Android Studio\jbr\bin\java.dll
Event: 0.037 Loaded shared library C:\Program Files\Android\Android Studio\jbr\bin\zip.dll
Event: 1.295 Loaded shared library C:\Program Files\Android\Android Studio\jbr\bin\verify.dll

Deoptimization events (20 events):
Event: 30.625 Thread 0x0000029e0af45320 DEOPT PACKING pc=0x0000029e78af79c8 sp=0x000000f4022f87a0
Event: 30.625 Thread 0x0000029e0af45320 DEOPT UNPACKING pc=0x0000029e781c7aa2 sp=0x000000f4022f8740 mode 2
Event: 30.637 Thread 0x0000029e0af45320 Uncommon trap: trap_request=0xffffffde fr.pc=0x0000029e789b5570 relative=0x0000000000001f50
Event: 30.637 Thread 0x0000029e0af45320 Uncommon trap: reason=class_check action=maybe_recompile pc=0x0000029e789b5570 method=jdk.internal.loader.Resource.getBytes()[B @ 10 c2
Event: 30.637 Thread 0x0000029e0af45320 DEOPT PACKING pc=0x0000029e789b5570 sp=0x000000f4022f9640
Event: 30.638 Thread 0x0000029e0af45320 DEOPT UNPACKING pc=0x0000029e781c7aa2 sp=0x000000f4022f9638 mode 2
Event: 30.641 Thread 0x0000029e0af45320 Uncommon trap: trap_request=0xffffffde fr.pc=0x0000029e789b5570 relative=0x0000000000001f50
Event: 30.641 Thread 0x0000029e0af45320 Uncommon trap: reason=class_check action=maybe_recompile pc=0x0000029e789b5570 method=jdk.internal.loader.Resource.getBytes()[B @ 10 c2
Event: 30.641 Thread 0x0000029e0af45320 DEOPT PACKING pc=0x0000029e789b5570 sp=0x000000f4022f8dc0
Event: 30.641 Thread 0x0000029e0af45320 DEOPT UNPACKING pc=0x0000029e781c7aa2 sp=0x000000f4022f8db8 mode 2
Event: 30.643 Thread 0x0000029e0af45320 Uncommon trap: trap_request=0xffffffde fr.pc=0x0000029e789b5570 relative=0x0000000000001f50
Event: 30.643 Thread 0x0000029e0af45320 Uncommon trap: reason=class_check action=maybe_recompile pc=0x0000029e789b5570 method=jdk.internal.loader.Resource.getBytes()[B @ 10 c2
Event: 30.643 Thread 0x0000029e0af45320 DEOPT PACKING pc=0x0000029e789b5570 sp=0x000000f4022f8970
Event: 30.643 Thread 0x0000029e0af45320 DEOPT UNPACKING pc=0x0000029e781c7aa2 sp=0x000000f4022f8968 mode 2
Event: 30.648 Thread 0x0000029e0af45320 Uncommon trap: trap_request=0xffffffde fr.pc=0x0000029e789b5570 relative=0x0000000000001f50
Event: 30.648 Thread 0x0000029e0af45320 Uncommon trap: reason=class_check action=maybe_recompile pc=0x0000029e789b5570 method=jdk.internal.loader.Resource.getBytes()[B @ 10 c2
Event: 30.648 Thread 0x0000029e0af45320 DEOPT PACKING pc=0x0000029e789b5570 sp=0x000000f4022f8920
Event: 30.648 Thread 0x0000029e0af45320 DEOPT UNPACKING pc=0x0000029e781c7aa2 sp=0x000000f4022f8918 mode 2
Event: 30.799 Thread 0x0000029e0af45320 DEOPT PACKING pc=0x0000029e70c44189 sp=0x000000f4022f8970
Event: 30.799 Thread 0x0000029e0af45320 DEOPT UNPACKING pc=0x0000029e781c85e2 sp=0x000000f4022f7e60 mode 0

Classes loaded (20 events):
Event: 27.747 Loading class sun/nio/ch/ChannelOutputStream
Event: 27.747 Loading class sun/nio/ch/ChannelOutputStream done
Event: 29.653 Loading class com/sun/beans/finder/MethodFinder
Event: 29.655 Loading class com/sun/beans/finder/AbstractFinder
Event: 29.656 Loading class com/sun/beans/finder/AbstractFinder done
Event: 29.656 Loading class com/sun/beans/finder/MethodFinder done
Event: 29.656 Loading class com/sun/beans/finder/MethodFinder$1
Event: 29.656 Loading class com/sun/beans/finder/MethodFinder$1 done
Event: 29.657 Loading class com/sun/beans/finder/FinderUtils
Event: 29.657 Loading class com/sun/beans/finder/FinderUtils done
Event: 29.830 Loading class java/util/regex/Pattern$Pos
Event: 29.831 Loading class java/util/regex/Pattern$Pos done
Event: 30.015 Loading class sun/reflect/generics/tree/BooleanSignature
Event: 30.016 Loading class sun/reflect/generics/tree/BooleanSignature done
Event: 30.035 Loading class org/xml/sax/Locator
Event: 30.036 Loading class org/xml/sax/Locator done
Event: 30.038 Loading class org/xml/sax/SAXParseException
Event: 30.039 Loading class org/xml/sax/SAXParseException done
Event: 30.040 Loading class org/xml/sax/Attributes
Event: 30.040 Loading class org/xml/sax/Attributes done

Classes unloaded (0 events):
No events

Classes redefined (0 events):
No events

Internal exceptions (20 events):
Event: 30.785 Thread 0x0000029e0af45320 Exception <a 'sun/nio/fs/WindowsException'{0x00000000873a2758}> (0x00000000873a2758) 
thrown [s\src\hotspot\share\prims\jni.cpp, line 537]
Event: 30.785 Thread 0x0000029e0af45320 Exception <a 'sun/nio/fs/WindowsException'{0x00000000873a3ed0}> (0x00000000873a3ed0) 
thrown [s\src\hotspot\share\prims\jni.cpp, line 537]
Event: 30.785 Thread 0x0000029e0af45320 Exception <a 'sun/nio/fs/WindowsException'{0x00000000873a54c8}> (0x00000000873a54c8) 
thrown [s\src\hotspot\share\prims\jni.cpp, line 537]
Event: 30.786 Thread 0x0000029e0af45320 Exception <a 'sun/nio/fs/WindowsException'{0x00000000873a9060}> (0x00000000873a9060) 
thrown [s\src\hotspot\share\prims\jni.cpp, line 537]
Event: 30.786 Thread 0x0000029e0af45320 Exception <a 'sun/nio/fs/WindowsException'{0x00000000873aa8e8}> (0x00000000873aa8e8) 
thrown [s\src\hotspot\share\prims\jni.cpp, line 537]
Event: 30.786 Thread 0x0000029e0af45320 Exception <a 'sun/nio/fs/WindowsException'{0x00000000873acb78}> (0x00000000873acb78) 
thrown [s\src\hotspot\share\prims\jni.cpp, line 537]
Event: 30.786 Thread 0x0000029e0af45320 Exception <a 'sun/nio/fs/WindowsException'{0x00000000873ae400}> (0x00000000873ae400) 
thrown [s\src\hotspot\share\prims\jni.cpp, line 537]
Event: 30.786 Thread 0x0000029e0af45320 Exception <a 'sun/nio/fs/WindowsException'{0x00000000873b0f10}> (0x00000000873b0f10) 
thrown [s\src\hotspot\share\prims\jni.cpp, line 537]
Event: 30.786 Thread 0x0000029e0af45320 Exception <a 'sun/nio/fs/WindowsException'{0x00000000873b2798}> (0x00000000873b2798) 
thrown [s\src\hotspot\share\prims\jni.cpp, line 537]
Event: 30.786 Thread 0x0000029e0af45320 Exception <a 'sun/nio/fs/WindowsException'{0x00000000873b5ef0}> (0x00000000873b5ef0) 
thrown [s\src\hotspot\share\prims\jni.cpp, line 537]
Event: 30.786 Thread 0x0000029e0af45320 Exception <a 'sun/nio/fs/WindowsException'{0x00000000873b74c8}> (0x00000000873b74c8) 
thrown [s\src\hotspot\share\prims\jni.cpp, line 537]
Event: 30.786 Thread 0x0000029e0af45320 Exception <a 'sun/nio/fs/WindowsException'{0x00000000873b94a8}> (0x00000000873b94a8) 
thrown [s\src\hotspot\share\prims\jni.cpp, line 537]
Event: 30.786 Thread 0x0000029e0af45320 Exception <a 'sun/nio/fs/WindowsException'{0x00000000873baa80}> (0x00000000873baa80) 
thrown [s\src\hotspot\share\prims\jni.cpp, line 537]
Event: 30.787 Thread 0x0000029e0af45320 Exception <a 'sun/nio/fs/WindowsException'{0x00000000873bd2e0}> (0x00000000873bd2e0) 
thrown [s\src\hotspot\share\prims\jni.cpp, line 537]
Event: 30.787 Thread 0x0000029e0af45320 Exception <a 'sun/nio/fs/WindowsException'{0x00000000873be8b8}> (0x00000000873be8b8) 
thrown [s\src\hotspot\share\prims\jni.cpp, line 537]
Event: 30.787 Thread 0x0000029e0af45320 Exception <a 'sun/nio/fs/WindowsException'{0x00000000873c0b38}> (0x00000000873c0b38) 
thrown [s\src\hotspot\share\prims\jni.cpp, line 537]
Event: 30.787 Thread 0x0000029e0af45320 Exception <a 'sun/nio/fs/WindowsException'{0x00000000873c2110}> (0x00000000873c2110) 
thrown [s\src\hotspot\share\prims\jni.cpp, line 537]
Event: 30.787 Thread 0x0000029e0af45320 Exception <a 'sun/nio/fs/WindowsException'{0x00000000873c3858}> (0x00000000873c3858) 
thrown [s\src\hotspot\share\prims\jni.cpp, line 537]
Event: 30.787 Thread 0x0000029e0af45320 Exception <a 'sun/nio/fs/WindowsException'{0x00000000873c4e30}> (0x00000000873c4e30) 
thrown [s\src\hotspot\share\prims\jni.cpp, line 537]
Event: 31.402 Thread 0x0000029e0af45320 Exception <a 'java/lang/NoSuchMethodError'{0x0000000085c09480}: 'java.lang.Object java.lang.invoke.DirectMethodHandle$Holder.newInvokeSpecial(java.lang.Object, java.lang.Object, java.lang.Object, java.lang.Object, java.lang.Object, java.lang.Object, java.lang.Object, java.lang.Object, java.lang.Object, java.lang.Object, java.lang.Object, java.lang.Object, java.lang.Object, java.lang.Object, java.lang.Object)'> (0x0000000085c09480) 
thrown [s\src\hotspot\share\interpreter\linkResolver.cpp, line 784]

ZGC Phase Switch (0 events):
No events

VM Operations (20 events):
Event: 27.447 Executing safepoint VM operation: G1PauseCleanup
Event: 27.448 Executing safepoint VM operation: G1PauseCleanup done
Event: 27.914 Executing non-safepoint VM operation: HandshakeAllThreads (Deoptimize)
Event: 27.915 Executing non-safepoint VM operation: HandshakeAllThreads (Deoptimize) done
Event: 28.927 Executing safepoint VM operation: Cleanup
Event: 28.957 Executing safepoint VM operation: Cleanup done
Event: 29.311 Executing safepoint VM operation: G1CollectForAllocation (G1 Evacuation Pause)
Event: 29.317 Executing safepoint VM operation: G1CollectForAllocation (G1 Evacuation Pause) done
Event: 30.120 Executing safepoint VM operation: ICBufferFull
Event: 30.121 Executing safepoint VM operation: ICBufferFull done
Event: 30.569 Executing safepoint VM operation: G1CollectForAllocation (G1 Evacuation Pause)
Event: 30.581 Executing safepoint VM operation: G1CollectForAllocation (G1 Evacuation Pause) done
Event: 31.154 Executing non-safepoint VM operation: HandshakeAllThreads (Deoptimize)
Event: 31.154 Executing non-safepoint VM operation: HandshakeAllThreads (Deoptimize) done
Event: 31.661 Executing safepoint VM operation: G1CollectForAllocation (G1 Evacuation Pause)
Event: 31.669 Executing safepoint VM operation: G1CollectForAllocation (G1 Evacuation Pause) done
Event: 31.752 Executing safepoint VM operation: G1PauseRemark
Event: 31.761 Executing safepoint VM operation: G1PauseRemark done
Event: 31.799 Executing safepoint VM operation: G1PauseCleanup
Event: 31.801 Executing safepoint VM operation: G1PauseCleanup done

Memory protections (0 events):
No events

Nmethod flushes (20 events):
Event: 31.758 Thread 0x0000029e056a6b20 flushing  nmethod 0x0000029e71a07810
Event: 31.758 Thread 0x0000029e056a6b20 flushing  nmethod 0x0000029e71ac8290
Event: 31.758 Thread 0x0000029e056a6b20 flushing  nmethod 0x0000029e71acf090
Event: 31.758 Thread 0x0000029e056a6b20 flushing  nmethod 0x0000029e787d0010
Event: 31.758 Thread 0x0000029e056a6b20 flushing  nmethod 0x0000029e78946b90
Event: 31.758 Thread 0x0000029e056a6b20 flushing  nmethod 0x0000029e7896c110
Event: 31.758 Thread 0x0000029e056a6b20 flushing  nmethod 0x0000029e78ab3f90
Event: 31.758 Thread 0x0000029e056a6b20 flushing  nmethod 0x0000029e70cf0b90
Event: 31.758 Thread 0x0000029e056a6b20 flushing  nmethod 0x0000029e70dcfb10
Event: 31.758 Thread 0x0000029e056a6b20 flushing  nmethod 0x0000029e70e6d010
Event: 31.758 Thread 0x0000029e056a6b20 flushing  nmethod 0x0000029e71034890
Event: 31.758 Thread 0x0000029e056a6b20 flushing  nmethod 0x0000029e712e2b10
Event: 31.758 Thread 0x0000029e056a6b20 flushing  nmethod 0x0000029e71407f10
Event: 31.758 Thread 0x0000029e056a6b20 flushing  nmethod 0x0000029e7146d490
Event: 31.758 Thread 0x0000029e056a6b20 flushing  nmethod 0x0000029e716be090
Event: 31.758 Thread 0x0000029e056a6b20 flushing  nmethod 0x0000029e717aa010
Event: 31.758 Thread 0x0000029e056a6b20 flushing  nmethod 0x0000029e717ab490
Event: 31.758 Thread 0x0000029e056a6b20 flushing  nmethod 0x0000029e71abab10
Event: 31.758 Thread 0x0000029e056a6b20 flushing  nmethod 0x0000029e71ac4110
Event: 31.758 Thread 0x0000029e056a6b20 flushing  nmethod 0x0000029e71ac5090

Events (20 events):
Event: 18.972 Thread 0x0000029e0af45320 Thread added: 0x0000029e0af0aa00
Event: 18.975 Thread 0x0000029e0af45320 Thread added: 0x0000029e0af0cad0
Event: 18.977 Thread 0x0000029e0af45320 Thread added: 0x0000029e0af0b090
Event: 18.982 Thread 0x0000029e0af45320 Thread added: 0x0000029e0af0bdb0
Event: 18.990 Thread 0x0000029e0af45320 Thread added: 0x0000029e0af0c440
Event: 18.994 Thread 0x0000029e0af45320 Thread added: 0x0000029e0c585770
Event: 18.998 Thread 0x0000029e0af45320 Thread added: 0x0000029e0c586490
Event: 19.518 Thread 0x0000029e0af45320 Thread added: 0x0000029e0c586b20
Event: 19.519 Thread 0x0000029e0af45320 Thread added: 0x0000029e0c5871b0
Event: 19.520 Thread 0x0000029e0af45320 Thread added: 0x0000029e0c587840
Event: 19.521 Thread 0x0000029e0af45320 Thread added: 0x0000029e0c587ed0
Event: 19.521 Thread 0x0000029e0af45320 Thread added: 0x0000029e0c588560
Event: 19.522 Thread 0x0000029e0af45320 Thread added: 0x0000029e0c588bf0
Event: 19.523 Thread 0x0000029e0af45320 Thread added: 0x0000029e0c585e00
Event: 19.523 Thread 0x0000029e0af45320 Thread added: 0x0000029e0e6e0310
Event: 19.524 Thread 0x0000029e0af45320 Thread added: 0x0000029e0e6e1d50
Event: 19.524 Thread 0x0000029e0af45320 Thread added: 0x0000029e0e6e23e0
Event: 19.525 Thread 0x0000029e0af45320 Thread added: 0x0000029e0e6e2a70
Event: 25.026 Thread 0x0000029e0af45320 Thread added: 0x0000029e0e6e51d0
Event: 27.507 Thread 0x0000029e0af45320 Thread added: 0x0000029e0d9854e0


Dynamic libraries:
0x00007ff73f900000 - 0x00007ff73f90a000 	C:\Program Files\Android\Android Studio\jbr\bin\java.exe
0x00007ffbdff60000 - 0x00007ffbe01c6000 	C:\WINDOWS\SYSTEM32\ntdll.dll
0x00007ffbdf180000 - 0x00007ffbdf249000 	C:\WINDOWS\System32\KERNEL32.DLL
0x00007ffbdd4a0000 - 0x00007ffbdd89e000 	C:\WINDOWS\System32\KERNELBASE.dll
0x00007ffbdd940000 - 0x00007ffbdda8c000 	C:\WINDOWS\System32\ucrtbase.dll
0x00007ffbb0ba0000 - 0x00007ffbb0bbb000 	C:\Program Files\Android\Android Studio\jbr\bin\VCRUNTIME140.dll
0x00007ffbc3010000 - 0x00007ffbc3028000 	C:\Program Files\Android\Android Studio\jbr\bin\jli.dll
0x00007ffbdfd50000 - 0x00007ffbdff17000 	C:\WINDOWS\System32\USER32.dll
0x00007ffbbf0d0000 - 0x00007ffbbf362000 	C:\WINDOWS\WinSxS\amd64_microsoft.windows.common-controls_6595b64144ccf1df_6.0.26100.8894_none_3e0f749ee32e02ea\COMCTL32.dll
0x00007ffbdd470000 - 0x00007ffbdd497000 	C:\WINDOWS\System32\win32u.dll
0x00007ffbde2d0000 - 0x00007ffbde379000 	C:\WINDOWS\System32\msvcrt.dll
0x00007ffbde0a0000 - 0x00007ffbde0cb000 	C:\WINDOWS\System32\GDI32.dll
0x00007ffbddaa0000 - 0x00007ffbddbca000 	C:\WINDOWS\System32\gdi32full.dll
0x00007ffbdd180000 - 0x00007ffbdd223000 	C:\WINDOWS\System32\msvcp_win.dll
0x00007ffbdfc50000 - 0x00007ffbdfc82000 	C:\WINDOWS\System32\IMM32.DLL
0x00007ffbd9320000 - 0x00007ffbd932c000 	C:\Program Files\Android\Android Studio\jbr\bin\vcruntime140_1.dll
0x00007ffb65390000 - 0x00007ffb6541d000 	C:\Program Files\Android\Android Studio\jbr\bin\msvcp140.dll
0x00007ffb49dc0000 - 0x00007ffb4aa56000 	C:\Program Files\Android\Android Studio\jbr\bin\server\jvm.dll
0x00007ffbdfc90000 - 0x00007ffbdfd47000 	C:\WINDOWS\System32\ADVAPI32.dll
0x00007ffbddf60000 - 0x00007ffbde00a000 	C:\WINDOWS\System32\sechost.dll
0x00007ffbdfa70000 - 0x00007ffbdfb88000 	C:\WINDOWS\System32\RPCRT4.dll
0x00007ffbdecc0000 - 0x00007ffbded40000 	C:\WINDOWS\System32\WS2_32.dll
0x00007ffbdbcc0000 - 0x00007ffbdbd1e000 	C:\WINDOWS\SYSTEM32\POWRPROF.dll
0x00007ffbd7110000 - 0x00007ffbd711b000 	C:\WINDOWS\SYSTEM32\VERSION.dll
0x00007ffbd1e20000 - 0x00007ffbd1e56000 	C:\WINDOWS\SYSTEM32\WINMM.dll
0x00007ffbdbca0000 - 0x00007ffbdbcb4000 	C:\WINDOWS\SYSTEM32\UMPDC.dll
0x00007ffbdbf80000 - 0x00007ffbdbf9b000 	C:\WINDOWS\SYSTEM32\kernel.appcore.dll
0x00007ffbd49d0000 - 0x00007ffbd49da000 	C:\Program Files\Android\Android Studio\jbr\bin\jimage.dll
0x00007ffbda640000 - 0x00007ffbda882000 	C:\WINDOWS\SYSTEM32\DBGHELP.DLL
0x00007ffbdf6e0000 - 0x00007ffbdfa63000 	C:\WINDOWS\System32\combase.dll
0x00007ffbde0d0000 - 0x00007ffbde1a9000 	C:\WINDOWS\System32\OLEAUT32.dll
0x00007ffbbd6c0000 - 0x00007ffbbd6fb000 	C:\WINDOWS\SYSTEM32\dbgcore.DLL
0x00007ffbdd3b0000 - 0x00007ffbdd45c000 	C:\WINDOWS\System32\bcryptPrimitives.dll
0x00007ffbc4430000 - 0x00007ffbc443e000 	C:\Program Files\Android\Android Studio\jbr\bin\instrument.dll
0x00007ffbb0380000 - 0x00007ffbb03a0000 	C:\Program Files\Android\Android Studio\jbr\bin\java.dll
0x00007ffbad0e0000 - 0x00007ffbad0f8000 	C:\Program Files\Android\Android Studio\jbr\bin\zip.dll
0x00007ffbde380000 - 0x00007ffbdeb12000 	C:\WINDOWS\System32\SHELL32.dll
0x00007ffbdac20000 - 0x00007ffbdb4b2000 	C:\WINDOWS\SYSTEM32\windows.storage.dll
0x00007ffbddc90000 - 0x00007ffbddd87000 	C:\WINDOWS\System32\SHCORE.dll
0x00007ffbdef50000 - 0x00007ffbdefb7000 	C:\WINDOWS\System32\shlwapi.dll
0x00007ffbdd0a0000 - 0x00007ffbdd0c9000 	C:\WINDOWS\SYSTEM32\profapi.dll
0x00007ffbd48c0000 - 0x00007ffbd48d0000 	C:\Program Files\Android\Android Studio\jbr\bin\net.dll
0x00007ffbd4420000 - 0x00007ffbd4547000 	C:\WINDOWS\SYSTEM32\WINHTTP.dll
0x00007ffbdc530000 - 0x00007ffbdc59c000 	C:\WINDOWS\system32\mswsock.dll
0x00007ffba5590000 - 0x00007ffba55a6000 	C:\Program Files\Android\Android Studio\jbr\bin\nio.dll
0x00007ffbc5a50000 - 0x00007ffbc5a60000 	C:\Program Files\Android\Android Studio\jbr\bin\verify.dll
0x00007ffb9c6c0000 - 0x00007ffb9c6e7000 	C:\Users\KIRUBAKARAN\.gradle\native\c067742578af261105cb4f569cf0c3c89f3d7b1fecec35dd04571415982c5e48\windows-amd64\native-platform.dll
0x00007ffb50c50000 - 0x00007ffb50d94000 	C:\Users\KIRUBAKARAN\.gradle\native\100fb08df4bc3b14c8652ba06237920a3bd2aa13389f12d3474272988ae205f9\windows-amd64\native-platform-file-events.dll
0x00007ffbca050000 - 0x00007ffbca059000 	C:\Program Files\Android\Android Studio\jbr\bin\management.dll
0x00007ffbc9c50000 - 0x00007ffbc9c5b000 	C:\Program Files\Android\Android Studio\jbr\bin\management_ext.dll
0x00007ffbddf30000 - 0x00007ffbddf38000 	C:\WINDOWS\System32\PSAPI.DLL
0x00007ffbdc830000 - 0x00007ffbdc84b000 	C:\WINDOWS\SYSTEM32\CRYPTSP.dll
0x00007ffbdbee0000 - 0x00007ffbdbf19000 	C:\WINDOWS\system32\rsaenh.dll
0x00007ffbdc5f0000 - 0x00007ffbdc622000 	C:\WINDOWS\SYSTEM32\USERENV.dll
0x00007ffbdd070000 - 0x00007ffbdd09a000 	C:\WINDOWS\SYSTEM32\bcrypt.dll
0x00007ffbdc850000 - 0x00007ffbdc85c000 	C:\WINDOWS\SYSTEM32\CRYPTBASE.dll
0x00007ffbdb950000 - 0x00007ffbdb983000 	C:\WINDOWS\SYSTEM32\IPHLPAPI.DLL
0x00007ffbdeb20000 - 0x00007ffbdeb2a000 	C:\WINDOWS\System32\NSI.dll
0x00007ffbd25d0000 - 0x00007ffbd25d9000 	C:\Program Files\Android\Android Studio\jbr\bin\extnet.dll
0x00007ffbd34e0000 - 0x00007ffbd34e8000 	C:\WINDOWS\system32\wshunix.dll

JVMTI agents:
C:\Users\KIRUBAKARAN\.gradle\wrapper\dists\gradle-8.9-all\6m0mbzute7p0zdleavqlib88a\gradle-8.9\lib\agents\gradle-instrumentation-agent-8.9.jar path:C:\Program Files\Android\Android Studio\jbr\bin\instrument.dll, loaded, initialized, instrumentlib options:none

dbghelp: loaded successfully - version: 4.0.5 - missing functions: none
symbol engine: initialized successfully - sym options: 0x614 - pdb path: .;C:\Program Files\Android\Android Studio\jbr\bin;C:\WINDOWS\SYSTEM32;C:\WINDOWS\WinSxS\amd64_microsoft.windows.common-controls_6595b64144ccf1df_6.0.26100.8894_none_3e0f749ee32e02ea;C:\Program Files\Android\Android Studio\jbr\bin\server;C:\Users\KIRUBAKARAN\.gradle\native\c067742578af261105cb4f569cf0c3c89f3d7b1fecec35dd04571415982c5e48\windows-amd64;C:\Users\KIRUBAKARAN\.gradle\native\100fb08df4bc3b14c8652ba06237920a3bd2aa13389f12d3474272988ae205f9\windows-amd64

VM Arguments:
jvm_args: --add-opens=java.base/java.util=ALL-UNNAMED --add-opens=java.base/java.lang=ALL-UNNAMED --add-opens=java.base/java.lang.invoke=ALL-UNNAMED --add-opens=java.prefs/java.util.prefs=ALL-UNNAMED --add-exports=jdk.compiler/com.sun.tools.javac.api=ALL-UNNAMED --add-exports=jdk.compiler/com.sun.tools.javac.util=ALL-UNNAMED --add-opens=java.base/java.nio.charset=ALL-UNNAMED --add-opens=java.base/java.net=ALL-UNNAMED --add-opens=java.base/java.util.concurrent.atomic=ALL-UNNAMED -Xmx2048m -Dfile.encoding=UTF-8 -Duser.country=US -Duser.language=en -Duser.variant -javaagent:C:\Users\KIRUBAKARAN\.gradle\wrapper\dists\gradle-8.9-all\6m0mbzute7p0zdleavqlib88a\gradle-8.9\lib\agents\gradle-instrumentation-agent-8.9.jar 
java_command: org.gradle.launcher.daemon.bootstrap.GradleDaemon 8.9
java_class_path (initial): C:\Users\KIRUBAKARAN\.gradle\wrapper\dists\gradle-8.9-all\6m0mbzute7p0zdleavqlib88a\gradle-8.9\lib\gradle-daemon-main-8.9.jar
Launcher Type: SUN_STANDARD

[Global flags]
     intx CICompilerCount                          = 4                                         {product} {ergonomic}
     uint ConcGCThreads                            = 3                                         {product} {ergonomic}
     uint G1ConcRefinementThreads                  = 10                                        {product} {ergonomic}
   size_t G1HeapRegionSize                         = 1048576                                   {product} {ergonomic}
    uintx GCDrainStackTargetSize                   = 64                                        {product} {ergonomic}
   size_t InitialHeapSize                          = 130023424                                 {product} {ergonomic}
   size_t MarkStackSize                            = 4194304                                   {product} {ergonomic}
   size_t MaxHeapSize                              = 2147483648                                {product} {command line}
   size_t MaxNewSize                               = 1287651328                                {product} {ergonomic}
   size_t MinHeapDeltaBytes                        = 1048576                                   {product} {ergonomic}
   size_t MinHeapSize                              = 8388608                                   {product} {ergonomic}
    uintx NonNMethodCodeHeapSize                   = 5839372                                {pd product} {ergonomic}
    uintx NonProfiledCodeHeapSize                  = 122909434                              {pd product} {ergonomic}
    uintx ProfiledCodeHeapSize                     = 122909434                              {pd product} {ergonomic}
    uintx ReservedCodeCacheSize                    = 251658240                              {pd product} {ergonomic}
     bool SegmentedCodeCache                       = true                                      {product} {ergonomic}
   size_t SoftMaxHeapSize                          = 2147483648                             {manageable} {ergonomic}
     bool UseCompressedOops                        = true                           {product lp64_product} {ergonomic}
     bool UseG1GC                                  = true                                      {product} {ergonomic}
     bool UseLargePagesIndividualAllocation        = false                                  {pd product} {ergonomic}

Logging:
Log output configuration:
 #0: stdout all=warning uptime,level,tags foldmultilines=false
 #1: stderr all=off uptime,level,tags foldmultilines=false

Release file:
JAVA_VERSION="21.0.10" 
MODULES="java.base java.compiler java.datatransfer java.xml java.prefs java.desktop java.instrument java.logging java.management java.security.sasl java.naming java.rmi java.management.rmi java.net.http java.scripting java.security.jgss java.transaction.xa java.sql java.sql.rowset java.xml.crypto java.se java.smartcardio jdk.accessibility jdk.internal.jvmstat jdk.attach jdk.charsets jdk.internal.opt jdk.zipfs jdk.compiler jdk.crypto.ec jdk.crypto.cryptoki jdk.dynalink jdk.hotspot.agent jdk.httpserver jdk.internal.ed jdk.internal.le jdk.internal.vm.ci jdk.jartool jdk.javadoc jdk.jcmd jdk.jdeps jdk.jdwp.agent jdk.jdi jdk.jfr jdk.jlink jdk.jsobject jdk.localedata jdk.management jdk.management.agent jdk.management.jfr jdk.naming.dns jdk.naming.rmi jdk.net jdk.sctp jdk.security.auth jdk.security.jgss jdk.unsupported jdk.unsupported.desktop jdk.xml.dom" 
IMPLEMENTOR="JetBrains s.r.o." 
JAVA_RUNTIME_VERSION="21.0.10+-14961533-b1163.108" 
LIBC="default" 
OS_ARCH="x86_64" 
OS_NAME="Windows" 
SOURCE=".:git:1351622c2ff2" 

Environment Variables:
JAVA_HOME=C:\Program Files\Android\Android Studio\jbr
CLASSPATH=G:\jiju projects\VehicleTrackingApp-main\\gradle\wrapper\gradle-wrapper.jar
PATH=C:/Users/KIRUBAKARAN/.gemini/antigravity-ide/bin;C:\WINDOWS\system32;C:\WINDOWS;C:\WINDOWS\System32\Wbem;C:\WINDOWS\System32\WindowsPowerShell\v1.0\;C:\WINDOWS\System32\OpenSSH\;C:\Program Files\nodejs\;C:\Program Files\Git\cmd;C:\Program Files\Git\bin;C:\Program Files\Git\cmd;C:\Users\KIRUBAKARAN\AppData\Local\Programs\Python\Python311\Scripts\;C:\Users\KIRUBAKARAN\AppData\Local\Programs\Python\Python311\;C:\Users\KIRUBAKARAN\AppData\Local\Programs\Python\Python36\Scripts\;C:\Users\KIRUBAKARAN\AppData\Local\Programs\Python\Python36\;C:\Users\KIRUBAKARAN\AppData\Local\Microsoft\WindowsApps;C:\Users\KIRUBAKARAN\AppData\Local\Programs\Microsoft VS Code\bin;C:\Users\KIRUBAKARAN\AppData\Roaming\npm;C:\Users\KIRUBAKARAN\AppData\Local\Programs\Antigravity\bin;C:\Users\KIRUBAKARAN\AppData\Local\Programs\Antigravity IDE\bin
USERNAME=KIRUBAKARAN
OS=Windows_NT
PROCESSOR_IDENTIFIER=Intel64 Family 6 Model 141 Stepping 1, GenuineIntel
TMP=C:\Users\KIRUBA~1\AppData\Local\Temp
TEMP=C:\Users\KIRUBA~1\AppData\Local\Temp




Periodic native trim disabled

JNI global refs:
JNI global refs: 28, weak refs: 2

JNI global refs memory usage: 835, weak refs: 833

Process memory usage:
Resident Set Size: 276284K (3% of 8104524K total physical memory with 38300K free physical memory)

OOME stack traces (most recent first):
Classloader memory used:
Loader org.gradle.internal.classloader.VisitableURLClassLoader                         : 35499K
Loader bootstrap                                                                       : 27038K
Loader org.gradle.internal.classloader.VisitableURLClassLoader$InstrumentingVisitableURLClassLoader: 16866K
Loader org.gradle.initialization.MixInLegacyTypesClassLoader                           : 10321K
Loader jdk.internal.loader.ClassLoaders$PlatformClassLoader                            : 511K
Loader jdk.internal.loader.ClassLoaders$AppClassLoader                                 : 230K
Loader org.gradle.internal.classloader.VisitableURLClassLoader                         : 103K
Loader jdk.internal.reflect.DelegatingClassLoader                                      : 102K
Loader sun.reflect.misc.MethodUtil                                                     : 2984B

Classes loaded by more than one classloader:
Class Program                                                                         : loaded 6 times (x 72B)
Class com.google.common.base.Equivalence$Identity                                     : loaded 2 times (x 82B)
Class com.google.common.collect.RegularImmutableMap$KeySet                            : loaded 2 times (x 150B)
Class org.gradle.internal.classloader.FilteringClassLoader                            : loaded 2 times (x 105B)
Class [Lcom.google.common.base.AbstractIterator$State;                                : loaded 2 times (x 69B)
Class com.google.common.base.CharMatcher$IsEither                                     : loaded 2 times (x 111B)
Class org.gradle.internal.classloader.ClassLoaderHierarchy                            : loaded 2 times (x 70B)
Class com.google.common.collect.ImmutableEnumSet                                      : loaded 2 times (x 146B)
Class com.google.common.util.concurrent.ExecutionError                                : loaded 2 times (x 82B)
Class com.google.common.collect.ImmutableList$1                                       : loaded 2 times (x 97B)
Class org.gradle.api.internal.classpath.ManifestUtil                                  : loaded 2 times (x 71B)
Class com.google.common.collect.RegularImmutableMap                                   : loaded 2 times (x 121B)
Class com.google.common.collect.ImmutableMap$MapViewOfValuesAsSingletonSets           : loaded 2 times (x 125B)
Class [Lorg.objectweb.asm.Symbol;                                                     : loaded 2 times (x 69B)
Class org.objectweb.asm.ClassVisitor                                                  : loaded 2 times (x 88B)
Class com.google.common.collect.UnmodifiableListIterator                              : loaded 2 times (x 95B)
Class org.objectweb.asm.MethodTooLargeException                                       : loaded 2 times (x 83B)
Class [Lcom.google.common.cache.CacheBuilder$OneWeigher;                              : loaded 2 times (x 69B)
Class com.google.common.base.Suppliers                                                : loaded 2 times (x 71B)
Class com.google.common.base.Platform$JdkPatternCompiler                              : loaded 2 times (x 75B)
Class org.gradle.internal.classloader.DefaultClassLoaderFactory                       : loaded 2 times (x 82B)
Class com.google.common.base.CharMatcher$None                                         : loaded 2 times (x 112B)
Class org.gradle.internal.classloader.ClassLoaderVisitor                              : loaded 2 times (x 76B)
Class [Lcom.google.common.collect.ImmutableMapEntry;                                  : loaded 2 times (x 69B)
Class org.gradle.api.internal.classpath.EffectiveClassPath                            : loaded 2 times (x 90B)
Class com.google.common.collect.ImmutableEnumMap                                      : loaded 2 times (x 125B)
Class com.google.common.collect.ListMultimap                                          : loaded 2 times (x 70B)
Class com.google.common.collect.Sets$1                                                : loaded 2 times (x 139B)
Class org.objectweb.asm.AnnotationVisitor                                             : loaded 2 times (x 78B)
Class com.google.common.base.Splitter                                                 : loaded 2 times (x 72B)
Class org.gradle.api.internal.DefaultClassPathProvider                                : loaded 2 times (x 76B)
Class com.google.common.collect.Sets$2                                                : loaded 2 times (x 139B)
Class [Lorg.gradle.api.internal.ClassPathProvider;                                    : loaded 2 times (x 69B)
Class org.gradle.api.internal.ClassPathProvider                                       : loaded 2 times (x 70B)
Class [Lorg.objectweb.asm.AnnotationVisitor;                                          : loaded 2 times (x 69B)
Class com.google.common.collect.Sets$3                                                : loaded 2 times (x 139B)
Class com.google.common.util.concurrent.AbstractFuture$SafeAtomicHelper               : loaded 2 times (x 79B)
Class com.google.common.cache.LocalCache$LocalLoadingCache                            : loaded 2 times (x 134B)
Class com.google.common.base.AbstractIterator$State                                   : loaded 2 times (x 79B)
Class org.gradle.internal.service.UnknownServiceException                             : loaded 2 times (x 83B)
Class com.google.common.collect.Sets$4                                                : loaded 2 times (x 139B)
Class org.objectweb.asm.ModuleVisitor                                                 : loaded 2 times (x 81B)
Class com.google.common.cache.LocalCache$Strength$1                                   : loaded 2 times (x 81B)
Class com.google.common.util.concurrent.SettableFuture                                : loaded 2 times (x 114B)
Class com.google.common.cache.LocalCache$Strength$2                                   : loaded 2 times (x 81B)
Class com.google.common.cache.LocalCache$Strength$3                                   : loaded 2 times (x 81B)
Class com.google.common.collect.MapDifference                                         : loaded 2 times (x 70B)
Class com.google.common.base.Splitter$1                                               : loaded 2 times (x 77B)
Class org.objectweb.asm.FieldWriter                                                   : loaded 2 times (x 78B)
Class com.google.common.cache.CacheBuilder$NullListener                               : loaded 2 times (x 82B)
Class org.gradle.internal.classpath.TransformedClassPath                              : loaded 2 times (x 96B)
Class com.google.common.cache.CacheLoader$FunctionToCacheLoader                       : loaded 2 times (x 75B)
Class com.google.common.collect.Iterators$ArrayItr                                    : loaded 2 times (x 97B)
Class com.google.common.collect.ImmutableCollection$Builder                           : loaded 2 times (x 76B)
Class com.google.common.base.Joiner                                                   : loaded 2 times (x 79B)
Class com.google.common.base.MoreObjects                                              : loaded 2 times (x 71B)
Class [Lorg.objectweb.asm.Type;                                                       : loaded 2 times (x 69B)
Class com.google.common.collect.Platform                                              : loaded 2 times (x 71B)
Class com.google.common.collect.UnmodifiableIterator                                  : loaded 2 times (x 80B)
Class org.gradle.internal.service.ServiceLocator                                      : loaded 2 times (x 70B)
Class com.google.common.collect.SingletonImmutableBiMap                               : loaded 2 times (x 143B)
Class com.google.common.base.Ascii                                                    : loaded 2 times (x 71B)
Class com.google.common.cache.LocalCache$1                                            : loaded 2 times (x 89B)
Class com.google.common.collect.AbstractMapEntry                                      : loaded 2 times (x 81B)
Class com.google.common.collect.ImmutableList$Builder                                 : loaded 2 times (x 77B)
Class com.google.common.cache.LocalCache$2                                            : loaded 2 times (x 142B)
Class com.google.common.collect.AbstractMultimap                                      : loaded 2 times (x 123B)
Class com.google.common.util.concurrent.AbstractFuture$UnsafeAtomicHelper$1           : loaded 2 times (x 76B)
Class com.google.common.collect.RegularImmutableAsList                                : loaded 2 times (x 216B)
Class com.google.common.util.concurrent.AbstractFuture$Trusted                        : loaded 2 times (x 70B)
Class com.google.common.collect.Iterators                                             : loaded 2 times (x 71B)
Class com.google.common.base.CharMatcher$RangesMatcher                                : loaded 2 times (x 112B)
Class com.google.common.util.concurrent.UncheckedExecutionException                   : loaded 2 times (x 82B)
Class com.google.common.collect.Lists$StringAsImmutableList                           : loaded 2 times (x 207B)
Class com.google.common.base.CharMatcher$JavaLetterOrDigit                            : loaded 2 times (x 111B)
Class org.gradle.internal.InternalTransformer                                         : loaded 2 times (x 70B)
Class org.objectweb.asm.ClassWriter                                                   : loaded 2 times (x 106B)
Class com.google.common.cache.CacheLoader$UnsupportedLoadingOperationException        : loaded 2 times (x 82B)
Class com.google.common.base.CharMatcher$And                                          : loaded 2 times (x 112B)
Class org.gradle.internal.classloader.ClasspathUtil$1                                 : loaded 2 times (x 76B)
Class org.objectweb.asm.FieldVisitor                                                  : loaded 2 times (x 77B)
Class com.google.common.collect.IndexedImmutableSet                                   : loaded 2 times (x 150B)
Class com.google.common.collect.ImmutableMap$1                                        : loaded 2 times (x 81B)
Class com.google.common.collect.BiMap                                                 : loaded 2 times (x 70B)
Class org.gradle.api.internal.classpath.DefaultModuleRegistry$DefaultModule           : loaded 2 times (x 86B)
Class com.google.common.primitives.Ints                                               : loaded 2 times (x 71B)
Class com.google.common.collect.AbstractIterator                                      : loaded 2 times (x 82B)
Class com.google.common.math.MathPreconditions                                        : loaded 2 times (x 71B)
Class com.google.common.collect.Multiset                                              : loaded 2 times (x 70B)
Class com.google.common.collect.ArrayListMultimapGwtSerializationDependencies         : loaded 2 times (x 172B)
Class com.google.common.collect.ObjectArrays                                          : loaded 2 times (x 71B)
Class com.google.common.collect.AbstractIndexedListIterator                           : loaded 2 times (x 96B)
Class com.google.common.collect.ImmutableMapEntrySet                                  : loaded 2 times (x 151B)
Class org.gradle.api.internal.classpath.Module                                        : loaded 2 times (x 70B)
Class com.google.common.cache.Weigher                                                 : loaded 2 times (x 70B)
Class org.gradle.api.internal.classpath.UnknownModuleException                        : loaded 2 times (x 82B)
Class com.google.common.base.Stopwatch                                                : loaded 2 times (x 72B)
Class com.google.common.cache.LocalCache$Strength                                     : loaded 2 times (x 81B)
Class com.google.common.cache.Cache                                                   : loaded 2 times (x 70B)
Class com.google.common.util.concurrent.AbstractFuture$Cancellation                   : loaded 2 times (x 72B)
Class com.google.common.collect.ImmutableMap$Builder                                  : loaded 2 times (x 82B)
Class com.google.common.base.NullnessCasts                                            : loaded 2 times (x 71B)
Class com.google.common.cache.RemovalListener                                         : loaded 2 times (x 70B)
Class org.gradle.api.internal.DefaultClassPathRegistry                                : loaded 2 times (x 76B)
Class com.google.common.primitives.IntsMethodsForWeb                                  : loaded 2 times (x 71B)
Class com.google.common.collect.Multimap                                              : loaded 2 times (x 70B)
Class org.gradle.api.internal.ClassPathRegistry                                       : loaded 2 times (x 70B)
Class org.gradle.internal.classpath.DefaultClassPath$ImmutableUniqueList              : loaded 2 times (x 199B)
Class com.google.common.base.PairwiseEquivalence                                      : loaded 2 times (x 83B)
Class com.google.common.cache.CacheBuilder                                            : loaded 2 times (x 72B)
Class com.google.common.collect.SingletonImmutableList                                : loaded 2 times (x 207B)
Class Settings_gradle$1                                                               : loaded 2 times (x 74B)
Class org.gradle.internal.classpath.ClassPath                                         : loaded 2 times (x 70B)
Class org.gradle.api.UncheckedIOException                                             : loaded 2 times (x 82B)
Class com.google.common.collect.ImmutableList$ReverseImmutableList                    : loaded 2 times (x 208B)
Class com.google.common.base.JdkPattern                                               : loaded 2 times (x 75B)
Class org.objectweb.asm.SymbolTable$Entry                                             : loaded 2 times (x 74B)
Class com.google.common.util.concurrent.AbstractFuture$AtomicHelper                   : loaded 2 times (x 78B)
Class org.objectweb.asm.Edge                                                          : loaded 2 times (x 72B)
Class com.google.common.base.Suppliers$SupplierOfInstance                             : loaded 2 times (x 79B)
Class com.google.common.collect.Iterators$1                                           : loaded 2 times (x 81B)
Class com.google.common.cache.LocalCache$ComputingValueReference                      : loaded 2 times (x 96B)
Class com.google.common.collect.SingletonImmutableSet                                 : loaded 2 times (x 146B)
Class com.google.common.collect.ImmutableMap$IteratorBasedImmutableMap                : loaded 2 times (x 125B)
Class com.google.common.cache.LocalCache$Segment                                      : loaded 2 times (x 154B)
Class [Lorg.objectweb.asm.SymbolTable$Entry;                                          : loaded 2 times (x 69B)
Class com.google.common.cache.CacheLoader                                             : loaded 2 times (x 74B)
Class com.google.common.collect.Iterators$4                                           : loaded 2 times (x 82B)
Class com.google.common.collect.ImmutableBiMap                                        : loaded 2 times (x 143B)
Class com.google.common.collect.AbstractListMultimap                                  : loaded 2 times (x 172B)
Class org.gradle.internal.installation.GradleInstallation$1                           : loaded 2 times (x 75B)
Class org.gradle.api.internal.classpath.ModuleRegistry                                : loaded 2 times (x 70B)
Class com.google.common.util.concurrent.internal.InternalFutureFailureAccess          : loaded 2 times (x 72B)
Class com.google.common.collect.Iterators$5                                           : loaded 2 times (x 82B)
Class com.google.common.collect.ImmutableSet$JdkBackedSetBuilderImpl                  : loaded 2 times (x 76B)
Class com.google.common.base.Splitter$SplittingIterator                               : loaded 2 times (x 84B)
Class com.google.common.util.concurrent.AbstractFuture$UnsafeAtomicHelper             : loaded 2 times (x 78B)
Class com.google.common.cache.LocalCache$LocalManualCache$1                           : loaded 2 times (x 75B)
Class com.google.common.base.CharMatcher$ForPredicate                                 : loaded 2 times (x 112B)
Class com.google.common.collect.ImmutableCollection                                   : loaded 2 times (x 125B)
Class com.google.common.base.CharMatcher$AnyOf                                        : loaded 2 times (x 112B)
Class org.gradle.api.internal.classpath.DefaultModuleRegistry                         : loaded 2 times (x 83B)
Class com.google.common.util.concurrent.ListenableFuture                              : loaded 2 times (x 70B)
Class com.google.common.cache.ReferenceEntry                                          : loaded 2 times (x 70B)
Class com.google.common.collect.ImmutableSet$CachingAsList                            : loaded 2 times (x 147B)
Class com.google.common.base.Converter                                                : loaded 2 times (x 90B)
Class com.google.common.collect.Lists                                                 : loaded 2 times (x 71B)
Class com.google.common.base.CharMatcher$Any                                          : loaded 2 times (x 112B)
Class com.google.common.util.concurrent.AbstractFuture                                : loaded 2 times (x 106B)
Class com.google.common.base.FunctionalEquivalence                                    : loaded 2 times (x 83B)
Class com.google.common.collect.Iterators$9                                           : loaded 2 times (x 81B)
Class com.google.common.collect.AbstractMapBasedMultimap                              : loaded 2 times (x 139B)
Class com.google.common.collect.ImmutableAsList                                       : loaded 2 times (x 209B)
Class org.objectweb.asm.RecordComponentVisitor                                        : loaded 2 times (x 77B)
Class com.google.common.cache.CacheLoader$SupplierToCacheLoader                       : loaded 2 times (x 75B)
Class com.google.common.collect.Maps$EntryTransformer                                 : loaded 2 times (x 70B)
Class org.gradle.internal.service.ServiceLookupException                              : loaded 2 times (x 82B)
Class [Lcom.google.common.cache.LocalCache$EntryFactory;                              : loaded 2 times (x 69B)
Class com.google.common.base.CharMatcher$JavaLetter                                   : loaded 2 times (x 111B)
Class org.gradle.internal.classloader.ClassLoaderFactory                              : loaded 2 times (x 70B)
Class com.google.common.cache.LocalCache$LocalManualCache                             : loaded 2 times (x 99B)
Class com.google.common.base.CharMatcher$IsNot                                        : loaded 2 times (x 111B)
Class com.google.common.base.CommonPattern                                            : loaded 2 times (x 74B)
Class org.gradle.internal.service.CachingServiceLocator                               : loaded 2 times (x 82B)
Class com.google.common.math.IntMath                                                  : loaded 2 times (x 71B)
Class com.google.common.collect.Iterators$10                                          : loaded 2 times (x 81B)
Class com.google.common.collect.ImmutableMapEntry                                     : loaded 2 times (x 85B)
Class com.google.common.base.CharMatcher$JavaDigit                                    : loaded 2 times (x 111B)
Class com.google.common.base.Equivalence                                              : loaded 2 times (x 82B)
Class com.google.common.collect.ImmutableMapEntry$NonTerminalImmutableMapEntry        : loaded 2 times (x 85B)
Class com.google.common.base.Function                                                 : loaded 2 times (x 70B)
Class com.google.common.collect.IndexedImmutableSet$1                                 : loaded 2 times (x 212B)
Class com.google.common.cache.CacheBuilder$OneWeigher                                 : loaded 2 times (x 82B)
Class com.google.common.collect.RegularImmutableList                                  : loaded 2 times (x 212B)
Class com.google.common.collect.ImmutableBiMapFauxverideShim                          : loaded 2 times (x 120B)
Class org.gradle.internal.classloader.ClasspathUtil                                   : loaded 2 times (x 71B)
Class com.google.common.base.Charsets                                                 : loaded 2 times (x 71B)
Class com.google.common.util.concurrent.Uninterruptibles                              : loaded 2 times (x 71B)
Class com.google.common.collect.Maps                                                  : loaded 2 times (x 71B)
Class com.google.common.base.CharMatcher$JavaUpperCase                                : loaded 2 times (x 111B)
Class org.gradle.api.specs.Spec                                                       : loaded 2 times (x 70B)
Class [Lcom.google.common.collect.ImmutableEntry;                                     : loaded 2 times (x 69B)
Class com.google.common.cache.LocalCache$LoadingValueReference                        : loaded 2 times (x 96B)
Class com.google.common.base.Platform                                                 : loaded 2 times (x 71B)
Class [Lorg.objectweb.asm.AnnotationWriter;                                           : loaded 2 times (x 69B)
Class com.google.common.primitives.Ints$IntConverter                                  : loaded 2 times (x 90B)
Class com.google.common.collect.Maps$8                                                : loaded 2 times (x 82B)
Class com.google.common.collect.Sets$SetView                                          : loaded 2 times (x 138B)
Class com.google.common.cache.LocalCache$StrongValueReference                         : loaded 2 times (x 90B)
Class com.google.common.util.concurrent.AbstractFuture$SynchronizedHelper             : loaded 2 times (x 78B)
Class com.google.common.base.CharMatcher$Invisible                                    : loaded 2 times (x 112B)
Class org.objectweb.asm.Type                                                          : loaded 2 times (x 72B)
Class org.gradle.internal.classloader.VisitableURLClassLoader$InstrumentingVisitableURLClassLoader: loaded 2 times (x 123B)
Class org.objectweb.asm.ByteVector                                                    : loaded 2 times (x 79B)
Class [Lcom.google.common.cache.CacheBuilder$NullListener;                            : loaded 2 times (x 69B)
Class com.google.common.math.IntMath$1                                                : loaded 2 times (x 71B)
Class org.gradle.internal.classloader.VisitableURLClassLoader$Spec                    : loaded 2 times (x 74B)
Class org.gradle.internal.classpath.DefaultClassPath                                  : loaded 2 times (x 90B)
Class org.objectweb.asm.Symbol                                                        : loaded 2 times (x 73B)
Class com.google.common.base.AbstractIterator                                         : loaded 2 times (x 80B)
Class com.google.common.collect.RegularImmutableMap$Values                            : loaded 2 times (x 207B)
Class com.google.common.collect.ImmutableSet                                          : loaded 2 times (x 145B)
Class com.google.common.base.CharMatcher$BitSetMatcher                                : loaded 2 times (x 112B)
Class com.google.common.base.CharMatcher$Ascii                                        : loaded 2 times (x 112B)
Class org.gradle.internal.classloader.ClassLoaderSpec                                 : loaded 2 times (x 71B)
Class org.objectweb.asm.AnnotationWriter                                              : loaded 2 times (x 79B)
Class com.google.common.cache.CacheStats                                              : loaded 2 times (x 71B)
Class org.objectweb.asm.RecordComponentWriter                                         : loaded 2 times (x 78B)
Class com.google.common.util.concurrent.AbstractFuture$Listener                       : loaded 2 times (x 72B)
Class com.google.common.base.CharMatcher$Or                                           : loaded 2 times (x 112B)
Class Settings_gradle$1$1                                                             : loaded 2 times (x 74B)
Class org.objectweb.asm.Attribute                                                     : loaded 2 times (x 77B)
Class com.google.common.base.Supplier                                                 : loaded 2 times (x 70B)
Class org.gradle.internal.classloader.VisitableURLClassLoader                         : loaded 2 times (x 117B)
Class com.google.common.util.concurrent.AbstractFuture$Waiter                         : loaded 2 times (x 72B)
Class Settings_gradle                                                                 : loaded 2 times (x 128B)
Class org.gradle.internal.Cast                                                        : loaded 2 times (x 71B)
Class org.gradle.api.Action                                                           : loaded 2 times (x 70B)
Class com.google.common.collect.Sets                                                  : loaded 2 times (x 71B)
Class org.objectweb.asm.Handler                                                       : loaded 2 times (x 72B)
Class com.google.common.base.Ticker                                                   : loaded 2 times (x 72B)
Class com.google.common.base.Strings                                                  : loaded 2 times (x 71B)
Class com.google.common.base.CharMatcher$FastMatcher                                  : loaded 2 times (x 111B)
Class org.gradle.internal.agents.InstrumentingClassLoader                             : loaded 2 times (x 70B)
Class [Lcom.google.common.cache.LocalCache$Segment;                                   : loaded 2 times (x 69B)
Class [Lcom.google.common.cache.LocalCache$Strength;                                  : loaded 2 times (x 69B)
Class com.google.common.cache.CacheBuilder$1                                          : loaded 2 times (x 85B)
Class com.google.common.collect.ImmutableMap                                          : loaded 2 times (x 120B)
Class com.google.common.base.Predicate                                                : loaded 2 times (x 70B)
Class org.gradle.internal.classpath.DefaultClassPath$ImmutableUniqueList$Builder      : loaded 2 times (x 75B)
Class com.google.common.cache.LocalCache                                              : loaded 2 times (x 187B)
Class com.google.common.cache.CacheBuilder$2                                          : loaded 2 times (x 79B)
Class com.google.common.base.CharMatcher$NegatedFastMatcher                           : loaded 2 times (x 113B)
Class com.google.common.cache.CacheBuilder$3                                          : loaded 2 times (x 72B)
Class [Lcom.google.common.collect.AbstractMapEntry;                                   : loaded 2 times (x 69B)
Class com.google.common.collect.ImmutableEntry                                        : loaded 2 times (x 82B)
Class com.google.common.collect.ArrayListMultimap                                     : loaded 2 times (x 172B)
Class com.google.common.base.AbstractIterator$1                                       : loaded 2 times (x 71B)
Class com.google.common.base.CharMatcher$Digit                                        : loaded 2 times (x 112B)
Class org.gradle.api.GradleException                                                  : loaded 2 times (x 82B)
Class com.google.common.collect.CollectPreconditions                                  : loaded 2 times (x 71B)
Class com.google.common.base.CharMatcher$JavaIsoControl                               : loaded 2 times (x 112B)
Class com.google.common.collect.SortedMapDifference                                   : loaded 2 times (x 70B)
Class com.google.common.base.CharMatcher$JavaLowerCase                                : loaded 2 times (x 111B)
Class com.google.common.cache.LocalCache$EntryFactory                                 : loaded 2 times (x 83B)
Class com.google.common.cache.LocalCache$AbstractReferenceEntry                       : loaded 2 times (x 107B)
Class com.google.common.base.Splitter$1$1                                             : loaded 2 times (x 86B)
Class com.google.common.base.CharMatcher$Whitespace                                   : loaded 2 times (x 112B)
Class org.gradle.internal.IoActions                                                   : loaded 2 times (x 71B)
Class org.objectweb.asm.SymbolTable                                                   : loaded 2 times (x 72B)
Class com.google.common.cache.CacheLoader$InvalidCacheLoadException                   : loaded 2 times (x 82B)
Class com.google.common.collect.ImmutableSet$RegularSetBuilderImpl                    : loaded 2 times (x 77B)
Class com.google.common.base.CharMatcher$SingleWidth                                  : loaded 2 times (x 112B)
Class org.gradle.internal.classloader.SystemClassLoaderSpec                           : loaded 2 times (x 71B)
Class com.google.common.cache.LocalCache$StrongEntry                                  : loaded 2 times (x 108B)
Class com.google.common.util.concurrent.AbstractFuture$TrustedFuture                  : loaded 2 times (x 114B)
Class com.google.common.cache.LoadingCache                                            : loaded 2 times (x 70B)
Class org.objectweb.asm.MethodWriter                                                  : loaded 2 times (x 106B)
Class [Lcom.google.common.cache.Weigher;                                              : loaded 2 times (x 69B)
Class com.google.common.collect.RegularImmutableMap$BucketOverflowException           : loaded 2 times (x 82B)
Class com.google.common.collect.RegularImmutableBiMap                                 : loaded 2 times (x 148B)
Class com.google.common.cache.LocalCache$ValueReference                               : loaded 2 times (x 70B)
Class com.google.common.base.CharMatcher$Negated                                      : loaded 2 times (x 113B)
Class com.google.common.base.CharMatcher$Is                                           : loaded 2 times (x 111B)
Class com.google.common.util.concurrent.AbstractFuture$Failure                        : loaded 2 times (x 72B)
Class com.google.common.base.Equivalence$Equals                                       : loaded 2 times (x 82B)
Class com.google.common.collect.Hashing                                               : loaded 2 times (x 71B)
Class com.google.common.base.PatternCompiler                                          : loaded 2 times (x 70B)
Class com.google.common.base.Preconditions                                            : loaded 2 times (x 71B)
Class com.google.common.base.Joiner$1                                                 : loaded 2 times (x 80B)
Class org.objectweb.asm.Label                                                         : loaded 2 times (x 73B)
Class org.objectweb.asm.CurrentFrame                                                  : loaded 2 times (x 73B)
Class org.objectweb.asm.ClassTooLargeException                                        : loaded 2 times (x 83B)
Class com.google.common.collect.PeekingIterator                                       : loaded 2 times (x 70B)
Class com.google.common.base.CharMatcher                                              : loaded 2 times (x 111B)
Class com.google.common.base.Joiner$2                                                 : loaded 2 times (x 79B)
Class org.objectweb.asm.Frame                                                         : loaded 2 times (x 73B)
Class org.objectweb.asm.MethodVisitor                                                 : loaded 2 times (x 105B)
Class com.google.common.cache.LocalCache$EntryFactory$1                               : loaded 2 times (x 83B)
Class [Lcom.google.common.cache.RemovalListener;                                      : loaded 2 times (x 69B)
Class com.google.common.base.CharMatcher$1                                            : loaded 2 times (x 113B)
Class com.google.common.base.CharMatcher$NamedFastMatcher                             : loaded 2 times (x 112B)
Class com.google.common.cache.LocalCache$EntryFactory$2                               : loaded 2 times (x 83B)
Class org.objectweb.asm.ModuleWriter                                                  : loaded 2 times (x 82B)
Class com.google.common.cache.LocalCache$EntryFactory$3                               : loaded 2 times (x 83B)
Class com.google.common.base.Ticker$1                                                 : loaded 2 times (x 72B)
Class com.google.common.collect.ImmutableMapEntrySet$RegularEntrySet                  : loaded 2 times (x 151B)
Class com.google.common.collect.Maps$BiMapConverter                                   : loaded 2 times (x 90B)
Class com.google.common.cache.LocalCache$EntryFactory$4                               : loaded 2 times (x 83B)
Class com.google.common.collect.ImmutableSet$Builder                                  : loaded 2 times (x 85B)
Class com.google.common.base.CharMatcher$InRange                                      : loaded 2 times (x 111B)
Class com.google.common.cache.LocalCache$EntryFactory$5                               : loaded 2 times (x 83B)
Class Build_gradle                                                                    : loaded 2 times (x 130B)
Class com.google.common.cache.LocalCache$EntryFactory$6                               : loaded 2 times (x 83B)
Class org.gradle.internal.installation.CurrentGradleInstallationLocator               : loaded 2 times (x 71B)
Class com.google.common.cache.LocalCache$EntryFactory$7                               : loaded 2 times (x 83B)
Class com.google.common.collect.ImmutableSet$EmptySetBuilderImpl                      : loaded 2 times (x 76B)
Class com.google.common.collect.ImmutableList                                         : loaded 2 times (x 206B)
Class org.gradle.internal.service.DefaultServiceLocator                               : loaded 2 times (x 83B)
Class com.google.common.cache.LocalCache$EntryFactory$8                               : loaded 2 times (x 83B)
Class com.google.common.collect.ImmutableSet$SetBuilderImpl                           : loaded 2 times (x 76B)
Class org.gradle.internal.installation.CurrentGradleInstallation                      : loaded 2 times (x 73B)
Class com.google.common.cache.CacheLoader$1                                           : loaded 2 times (x 75B)
Class com.google.common.collect.ImmutableList$SubList                                 : loaded 2 times (x 208B)
Class org.gradle.util.internal.GUtil                                                  : loaded 2 times (x 71B)
Class com.google.common.util.concurrent.AbstractFuture$SetFuture                      : loaded 2 times (x 75B)
Class com.google.common.cache.AbstractCache$StatsCounter                              : loaded 2 times (x 70B)
Class com.google.common.collect.Iterators$MergingIterator                             : loaded 2 times (x 81B)
Class com.google.common.collect.RegularImmutableSet                                   : loaded 2 times (x 148B)
Class org.gradle.internal.installation.GradleInstallation                             : loaded 2 times (x 75B)
Class com.google.common.collect.Iterables                                             : loaded 2 times (x 71B)
Class com.google.common.base.Splitter$Strategy                                        : loaded 2 times (x 70B)

---------------  S Y S T E M  ---------------

OS:
 Windows 11 , 64 bit Build 26100 (10.0.26100.8875)
OS uptime: 0 days 3:25 hours
Hyper-V role detected

CPU: total 12 (initial active 12) (6 cores per cpu, 2 threads per core) family 6 model 141 stepping 1 microcode 0x50, cx8, cmov, fxsr, ht, mmx, 3dnowpref, sse, sse2, sse3, ssse3, sse4.1, sse4.2, popcnt, lzcnt, tsc, tscinvbit, avx, avx2, aes, erms, clmul, bmi1, bmi2, adx, avx512f, avx512dq, avx512cd, avx512bw, avx512vl, sha, fma, vzeroupper, avx512_vpopcntdq, avx512_vpclmulqdq, avx512_vaes, avx512_vnni, clflush, clflushopt, clwb, avx512_vbmi2, avx512_vbmi, hv, rdtscp, rdpid, fsrm, gfni, avx512_bitalg, f16c, cet_ibt, cet_ss, avx512_ifma
Processor Information for processor 0
  Max Mhz: 2688, Current Mhz: 995, Mhz Limit: 2688
Processor Information for processor 1
  Max Mhz: 2688, Current Mhz: 995, Mhz Limit: 2688
Processor Information for processor 2
  Max Mhz: 2688, Current Mhz: 2688, Mhz Limit: 2688
Processor Information for processor 3
  Max Mhz: 2688, Current Mhz: 2688, Mhz Limit: 2688
Processor Information for processor 4
  Max Mhz: 2688, Current Mhz: 995, Mhz Limit: 2688
Processor Information for processor 5
  Max Mhz: 2688, Current Mhz: 2688, Mhz Limit: 2688
Processor Information for processor 6
  Max Mhz: 2688, Current Mhz: 2688, Mhz Limit: 2688
Processor Information for processor 7
  Max Mhz: 2688, Current Mhz: 2688, Mhz Limit: 2688
Processor Information for processor 8
  Max Mhz: 2688, Current Mhz: 2688, Mhz Limit: 2688
Processor Information for processor 9
  Max Mhz: 2688, Current Mhz: 2688, Mhz Limit: 2688
Processor Information for processor 10
  Max Mhz: 2688, Current Mhz: 2688, Mhz Limit: 2688
Processor Information for processor 11
  Max Mhz: 2688, Current Mhz: 2688, Mhz Limit: 2688

Memory: 4k page, system-wide physical 7914M (17M free)
TotalPageFile size 20804M (AvailPageFile size 6M)
current process WorkingSet (physical memory assigned to process): 273M, peak: 280M
current process commit charge ("private bytes"): 437M, peak: 438M

vm_info: OpenJDK 64-Bit Server VM (21.0.10+-14961533-b1163.108) for windows-amd64 JRE (21.0.10+-14961533-b1163.108), built on 2026-03-02T19:58:50Z by "builder" with MS VC++ 16.10 / 16.11 (VS2019)

END.
